 436.697449	0.597710	-0.136105	-0.790075	1229.639160	722.505798	1804.699951
 635.548035	-0.173315	0.152448	-0.972996	1286.589111	-408.769836	1804.699951
 527.457520	-0.337517	-0.292978	-0.894565	835.746094	-908.049622	1804.699951
 403.895752	-0.464044	0.047900	-0.884516	-101.143921	266.851837	1804.699951
 522.655823	-0.098860	-0.403991	-0.909405	-892.716003	-537.784973	1804.699951
 311.469910	-0.141891	0.366624	-0.919486	386.730286	910.941711	1804.699951
 606.693420	-0.120906	-0.153617	-0.980706	421.515747	-1113.536133	1804.699951
 257.424133	-0.451026	-0.152544	-0.879378	813.346741	83.635063	1804.699951
 373.213135	-0.071657	0.232664	-0.969914	1370.377686	108.534927	1804.699951
 699.362732	-0.172879	-0.319177	-0.931794	-435.048035	255.942963	1804.699951
 438.203064	-0.105780	-0.478702	-0.871582	970.548218	277.755219	1804.699951
 487.262085	-0.165973	-0.193593	-0.966941	-58.024956	-141.767822	1804.699951
 217.012283	-0.292225	0.265504	-0.918756	-973.645081	432.968781	1804.699951
 726.065979	-0.003327	-0.068086	-0.997674	33.900776	-530.560974	1804.699951
 520.527954	-0.028409	-0.399525	-0.916282	762.473083	1036.411743	1804.699951
 614.982361	-0.074016	-0.581537	-0.810146	-693.758118	-1109.229614	1804.699951
 375.081787	-0.419286	0.336024	-0.843379	1523.536011	69.884552	1804.699951
 267.052551	0.147458	-0.469379	-0.870598	1361.284546	135.703262	1804.699951
 484.447144	-0.021016	0.113941	-0.993265	-212.130844	-419.332947	1804.699951
 581.531250	0.115752	0.485073	-0.866779	186.539154	1127.245361	1804.699951
 569.942017	0.076694	0.455726	-0.886810	-674.744385	199.261337	1804.699951
 275.575134	-0.105457	-0.269181	-0.957299	461.947144	845.049805	1804.699951
 490.813843	-0.423872	0.200534	-0.883243	357.045532	-505.283386	1804.699951
 390.766479	0.175178	0.461447	-0.869701	1017.241577	602.313843	1804.699951
 669.015564	-0.101160	0.193703	-0.975831	134.684158	774.715637	1804.699951
 574.368835	0.066104	0.090098	-0.993737	-277.871552	253.474564	1804.699951
 597.189331	-0.233350	-0.436829	-0.868751	-809.691101	-566.778992	1804.699951
 529.587402	0.195984	0.074455	-0.977776	67.121284	-125.867203	1804.699951
 342.808350	-0.490456	-0.505694	-0.709737	-429.562683	-1291.906372	1804.699951
 578.903687	-0.303112	0.104042	-0.947258	253.594559	-336.019379	1804.699951
 570.666443	0.454165	-0.279022	-0.846097	-112.232269	665.327393	1804.699951
 465.474335	-0.081909	-0.393334	-0.915740	1039.570557	377.341095	1804.699951
 618.870728	0.113165	-0.143738	-0.983124	248.115387	-1309.768433	1804.699951
 612.252869	-0.060501	-0.251277	-0.966023	178.050598	652.076050	1804.699951
 341.133362	-0.038061	0.349651	-0.936107	35.013184	640.487183	1804.699951
 661.838745	0.245086	-0.246453	-0.937653	400.179321	563.825745	1804.699951
 608.581238	-0.357965	-0.199101	-0.912261	-928.611023	82.697678	1804.699951
 632.345642	0.449386	0.173323	-0.876363	-965.009949	805.843323	1804.699951
 701.139221	-0.380823	-0.013867	-0.924544	297.310364	-1223.946655	1804.699951
 545.161926	0.253636	0.001163	-0.967299	29.972883	-74.189102	1804.699951
 409.134003	0.145438	-0.305547	-0.941004	-297.375519	-752.399231	1804.699951
 632.192627	0.366256	-0.393465	-0.843233	-650.595215	-1065.060303	1804.699951
 507.972382	0.174949	-0.321764	-0.930517	92.497208	-656.329346	1804.699951
 474.660767	-0.099074	-0.140072	-0.985172	-391.336090	-211.834335	1804.699951
 350.974487	-0.574481	-0.309061	-0.757926	-1279.491943	-305.282440	1804.699951
 480.527344	-0.057925	-0.311612	-0.948442	-1175.087280	723.776428	1804.699951
 371.238617	0.054591	0.275842	-0.959652	1229.162354	577.680908	1804.699951
 680.206970	-0.438960	-0.286071	-0.851750	916.664062	-512.750977	1804.699951
 306.242828	0.238809	0.107471	-0.965101	-141.745438	206.503723	1804.699951
 304.157928	0.198356	-0.565390	-0.800618	1227.040283	-667.918701	1804.699951
 372.990631	-0.417373	-0.114082	-0.901546	-583.752869	-1085.271240	1804.699951
 291.598785	0.243392	-0.642239	-0.726835	1220.890747	-697.894592	1804.699951
 512.812561	-0.173921	-0.590146	-0.788339	-76.910484	-1383.375610	1804.699951
 362.706360	-0.533830	0.110788	-0.838303	1422.837891	-7.192955	1804.699951
 391.562561	-0.470857	-0.406190	-0.783137	1055.041382	-377.246857	1804.699951
 483.725555	-0.103900	0.086991	-0.990776	-760.444580	757.567444	1804.699951
 317.717438	-0.231442	0.387601	-0.892300	-1099.039429	-11.155157	1804.699951
 576.664185	-0.193464	0.024148	-0.980810	-38.424721	429.581848	1804.699951
 475.434387	0.154241	-0.271946	-0.949871	-494.737213	1153.470215	1804.699951
 344.990753	-0.445571	0.319428	-0.836321	1113.348999	36.128204	1804.699951
 626.075500	0.020820	0.177781	-0.983850	-499.024231	-394.751190	1804.699951
 438.248932	0.344641	-0.310259	-0.885981	349.688995	494.462494	1804.699951
 472.621613	0.393219	-0.286736	-0.873591	-385.239349	-124.293343	1804.699951
 419.988647	-0.473685	-0.298632	-0.828518	631.921936	-530.454407	1804.699951
 693.253357	-0.100814	-0.471557	-0.876054	213.642227	988.722656	1804.699951
 526.365723	0.285343	-0.446049	-0.848304	-1231.575562	359.608673	1804.699951
 262.016602	-0.192999	-0.001945	-0.981197	139.750381	892.362793	1804.699951
 427.771484	0.290172	0.175037	-0.940831	-477.931122	1117.884399	1804.699951
 485.172485	0.074433	-0.286162	-0.955286	581.773438	213.596329	1804.699951
 348.596466	0.033089	0.126353	-0.991433	-1115.468628	927.820923	1804.699951
 275.931488	0.356083	-0.097339	-0.929371	-198.969513	-1012.295105	1804.699951
 356.210938	0.260914	0.019700	-0.965161	45.155716	-526.044983	1804.699951
 618.100403	-0.087032	-0.396703	-0.913812	17.237568	1239.369995	1804.699951
 335.992798	-0.283329	0.098794	-0.953921	564.311340	-966.454773	1804.699951
 584.248901	-0.302520	0.509440	-0.805576	-17.066761	-84.235840	1804.699951
 464.546692	0.050178	0.505747	-0.861221	-39.654488	1446.664795	1804.699951
 558.594543	0.015636	0.042532	-0.998973	267.759155	341.076385	1804.699951
 285.757568	-0.354474	0.303268	-0.884521	306.620239	-1310.689331	1804.699951
 604.279236	-0.240236	-0.295270	-0.924717	-454.756531	307.677368	1804.699951
 618.056030	-0.158385	0.340381	-0.926852	-1405.830322	-86.629784	1804.699951
 395.394806	0.276588	-0.062243	-0.958971	-1357.519043	-112.391121	1804.699951
 222.316330	0.538837	0.048313	-0.841024	-592.298218	728.254333	1804.699951
 408.068787	-0.027488	-0.361209	-0.932080	572.238892	36.066780	1804.699951
 551.812561	0.308187	-0.453804	-0.836112	-348.985138	-1319.116333	1804.699951
 623.027405	0.073049	0.282704	-0.956421	-1472.257446	16.516649	1804.699951
 483.028473	-0.493204	0.204987	-0.845417	-187.344208	827.794861	1804.699951
 575.767334	0.102979	0.508208	-0.855056	-1319.274536	-476.728455	1804.699951
 665.424255	-0.370825	-0.328799	-0.868551	-658.947754	-1062.577759	1804.699951
 654.816895	-0.137682	-0.214377	-0.966999	-110.801369	-36.458351	1804.699951
 434.416046	-0.040356	-0.629067	-0.776303	-592.165833	-1014.779541	1804.699951
 388.551941	0.050611	-0.279182	-0.958903	-186.119034	-1206.345825	1804.699951
 565.842346	-0.139698	-0.259644	-0.955547	737.704834	383.593903	1804.699951
 663.285156	0.299488	0.365128	-0.881470	-455.664337	1041.093872	1804.699951
 345.882751	-0.476413	-0.005889	-0.879202	-550.588745	-263.486328	1804.699951
 371.174774	0.504552	0.144632	-0.851181	667.423279	-87.486221	1804.699951
 596.787415	-0.024216	-0.109132	-0.993732	-175.440033	-1404.580688	1804.699951
 290.077698	-0.374972	0.366633	-0.851455	-531.762329	828.968750	1804.699951
 334.805664	-0.175830	-0.448240	-0.876450	989.564453	-985.866150	1804.699951
 399.987671	0.009231	-0.590471	-0.807006	-407.545654	-76.544907	1804.699951
 670.316711	0.215379	-0.307134	-0.926974	-742.834961	-1310.464722	1804.699951
 248.963486	-0.149749	0.479563	-0.864636	750.173157	-609.207581	1804.699951
 329.132233	-0.459189	-0.039626	-0.887454	-919.422058	-483.988556	1804.699951
 366.351257	-0.108502	-0.021182	-0.993871	604.815369	295.856781	1804.699951
 309.716187	0.234606	0.643482	-0.728623	678.858215	1066.397217	1804.699951
 318.549469	-0.392644	0.123053	-0.911421	1083.195190	861.518188	1804.699951
 376.993378	0.492933	-0.007660	-0.870034	-230.080566	165.509644	1804.699951
 465.473389	0.184562	0.028305	-0.982413	98.978195	-704.288086	1804.699951
 474.035461	0.098933	-0.495338	-0.863048	1263.583374	-25.273506	1804.699951
 674.293396	-0.279141	0.424599	-0.861276	1001.627747	-290.193237	1804.699951
 440.098145	-0.308729	0.061145	-0.949183	856.593689	953.879761	1804.699951
 688.216187	-0.004886	0.479566	-0.877492	-398.943207	19.187889	1804.699951
 620.838928	-0.348894	-0.246870	-0.904062	-551.524475	-504.104431	1804.699951
 268.130096	-0.377125	0.137245	-0.915937	-950.631714	-1003.086975	1804.699951
 651.922241	-0.428399	-0.296621	-0.853517	-460.529144	235.851654	1804.699951
 390.867798	-0.068926	0.417490	-0.906064	-407.786224	-394.433838	1804.699951
 665.622131	0.048852	-0.378924	-0.924138	-271.289215	653.799011	1804.699951
 510.608002	0.329185	-0.410282	-0.850474	884.105835	524.665222	1804.699951
 691.799866	0.125761	0.160391	-0.979009	-613.601074	320.701263	1804.699951
 600.165466	-0.466222	0.180425	-0.866074	602.985901	62.433624	1804.699951
 668.976013	-0.129692	-0.073536	-0.988824	-260.648376	777.663757	1804.699951
 727.525635	0.005566	-0.210851	-0.977502	-66.175888	344.931000	1804.699951
 651.401245	-0.452362	-0.241611	-0.858483	259.873596	-83.756531	1804.699951
 595.704407	-0.081218	0.466696	-0.880681	874.430420	-290.081696	1804.699951
 691.053467	-0.514778	-0.014830	-0.857195	1301.464233	317.020844	1804.699951
 488.343201	-0.091842	-0.490743	-0.866450	-622.455811	-1011.691284	1804.699951
 556.550049	0.500923	-0.055413	-0.863716	-137.898132	-780.349365	1804.699951
 342.286865	-0.087229	-0.087398	-0.992347	-426.397186	-804.176147	1804.699951
 240.283203	-0.147626	-0.444209	-0.883677	656.723145	-1063.414062	1804.699951
 686.511108	0.123608	-0.458856	-0.879870	-743.338806	1199.073120	1804.699951
 693.271362	-0.201397	0.205470	-0.957717	367.076416	1303.774414	1804.699951
 532.068115	-0.116278	-0.284967	-0.951459	-658.210266	-515.926880	1804.699951
 530.034912	0.211161	0.346705	-0.913896	583.412537	-891.515930	1804.699951
 588.317261	0.375448	-0.085603	-0.922882	339.619141	-1175.325562	1804.699951
 362.059967	-0.066180	-0.073513	-0.995096	850.012634	-1193.718384	1804.699951
 595.702454	0.177087	-0.040005	-0.983382	140.965698	-240.835510	1804.699951
 472.094391	0.545573	-0.014426	-0.837939	87.384094	1406.300781	1804.699951
 275.461029	-0.099525	-0.256751	-0.961340	16.838221	-1123.623291	1804.699951
 588.909851	-0.094034	-0.115653	-0.988829	954.351318	412.616150	1804.699951
 285.161499	-0.104785	0.333501	-0.936908	-395.012695	377.625214	1804.699951
 310.293823	0.364912	0.123374	-0.922832	974.341248	790.635071	1804.699951
 215.720261	-0.247914	-0.309334	-0.918069	917.023560	-733.406494	1804.699951
 711.906372	-0.311284	0.403765	-0.860277	151.357269	-115.401878	1804.699951
 494.221741	-0.122968	0.535589	-0.835478	701.529297	1131.802979	1804.699951
 405.680511	-0.371226	-0.131514	-0.919182	477.905365	-903.212646	1804.699951
 686.483948	-0.410006	0.012855	-0.911992	714.298279	-453.625061	1804.699951
 515.333679	0.180845	-0.202542	-0.962430	-496.809326	1084.627808	1804.699951
 611.050781	-0.168362	-0.368912	-0.914089	452.694336	218.846558	1804.699951
 304.544067	-0.260097	0.317113	-0.912025	-1169.886475	95.381851	1804.699951
 376.065735	0.016066	0.364480	-0.931073	-1108.995117	-900.039490	1804.699951
 566.245422	-0.324570	-0.259296	-0.909626	1326.773560	548.203064	1804.699951
 446.353516	0.196862	-0.045039	-0.979396	1139.854126	369.123505	1804.699951
 643.339661	0.126464	-0.517823	-0.846089	-394.111115	587.018311	1804.699951
 510.390686	-0.280965	0.161720	-0.945994	1119.370483	-825.430054	1804.699951
 566.495850	0.330925	-0.065069	-0.941411	-160.373337	1383.921509	1804.699951
 469.996613	-0.395028	-0.080375	-0.915146	1149.263306	16.663769	1804.699951
 525.309082	-0.125418	-0.167661	-0.977834	300.039246	-1090.592163	1804.699951
 579.650452	0.268307	0.326173	-0.906434	-301.648956	956.189758	1804.699951
 637.140869	-0.005144	-0.044038	-0.999017	-1307.184082	-659.541870	1804.699951
 287.428040	-0.316005	0.100404	-0.943430	1286.457397	561.869263	1804.699951
 587.493042	-0.329439	0.030981	-0.943668	-953.706665	-128.481857	1804.699951
 685.650940	-0.427522	-0.198087	-0.882035	-625.902466	1187.152100	1804.699951
 511.389099	0.328846	0.222567	-0.917782	564.345764	-683.734192	1804.699951
 417.114777	-0.395672	-0.454318	-0.798147	-1129.908203	-517.507263	1804.699951
 260.496674	-0.294694	-0.030441	-0.955107	298.728424	-583.108704	1804.699951
 641.140747	0.273428	-0.170732	-0.946619	-666.782715	-125.012665	1804.699951
 259.153442	0.111270	0.070886	-0.991259	-943.078918	-164.692230	1804.699951
 568.750427	-0.482858	0.031113	-0.875146	-610.046753	-693.835876	1804.699951
 361.848694	-0.148312	0.147513	-0.977877	-1053.935791	397.559021	1804.699951
 291.875977	-0.189195	-0.223569	-0.956150	-695.968933	-614.286499	1804.699951
 272.879333	0.198246	-0.329057	-0.923266	1195.607300	-757.936951	1804.699951
 656.726257	-0.197730	0.144408	-0.969561	-556.667969	-508.769836	1804.699951
 711.868286	-0.144359	0.244840	-0.958756	-410.899841	362.090851	1804.699951
 740.768372	-0.222359	-0.024498	-0.974657	696.514954	549.065918	1804.699951
 374.220337	-0.369070	0.269171	-0.889570	771.285889	-656.308655	1804.699951
 319.458771	-0.306716	-0.046219	-0.950678	904.808899	-1144.199219	1804.699951
 523.511047	-0.139355	-0.277229	-0.950644	89.014832	-853.491333	1804.699951
 596.297791	0.068499	0.421303	-0.904329	823.262207	-143.645325	1804.699951
 235.720871	-0.345068	-0.331978	-0.877906	-478.642090	418.537598	1804.699951
 445.055176	-0.247773	-0.387947	-0.887753	351.805542	1235.724487	1804.699951
 392.596497	-0.183342	0.538358	-0.822531	476.465210	1124.904785	1804.699951
 350.903625	0.213020	-0.315562	-0.924685	-59.808510	-256.053711	1804.699951
 586.981506	-0.270408	-0.189955	-0.943820	164.340744	-448.790588	1804.699951
 369.935425	-0.528527	-0.056629	-0.847026	1052.401733	916.137268	1804.699951
 243.339722	-0.062419	-0.099037	-0.993124	721.516235	758.059204	1804.699951
 361.972473	0.061735	-0.583955	-0.809435	-115.429840	-323.481476	1804.699951
 363.906708	-0.577692	-0.811063	-0.091917	1425.218018	898.313843	1241.708740
 354.882050	-0.147054	0.153398	-0.977161	603.631348	536.250488	1804.699951
 521.136292	-0.744890	-0.066985	-0.663816	-1187.806152	145.494385	1804.699951
 654.772827	-0.474250	0.166849	-0.864435	-127.123260	-788.628418	1804.699951
 434.777039	-0.340483	-0.205555	-0.917507	-155.931381	702.536987	1804.699951
 612.385132	0.042381	0.206143	-0.977604	155.601562	1163.653564	1804.699951
 428.990112	-0.242111	0.439232	-0.865135	415.717896	543.486633	1804.699951
 397.028564	-0.216534	-0.406947	-0.887416	712.164734	708.480896	1804.699951
 698.138550	0.072822	0.090424	-0.993237	-148.511581	-1076.980225	1804.699951
 354.051636	-0.372464	-0.352050	-0.858680	-494.272095	676.382141	1804.699951
 350.363922	0.482370	-0.110148	-0.869015	-985.506348	-1044.206787	1804.699951
 593.887268	0.467817	-0.190349	-0.863084	-259.950134	-250.279449	1804.699951
 514.930725	-0.181079	0.294993	-0.938184	-547.932251	-651.675354	1804.699951
 681.471313	0.306939	0.050095	-0.950410	-1146.307251	141.738251	1804.699951
 215.602798	0.164279	-0.044868	-0.985393	1160.277344	189.692139	1804.699951
 654.832886	-0.352958	0.346886	-0.868960	-586.809998	-933.137817	1804.699951
 231.393967	-0.198632	0.125677	-0.971983	1137.150269	448.065552	1804.699951
 497.673828	-0.264455	0.091727	-0.960026	-564.832214	1220.534424	1804.699951
 607.260254	0.199776	-0.370998	-0.906890	1073.703491	488.960449	1804.699951
 338.736206	-0.254785	-0.367739	-0.894345	-1252.610474	369.379974	1804.699951
 504.765228	-0.010836	-0.247651	-0.968789	554.112732	-1126.440430	1804.699951
 555.587280	-0.134681	-0.200396	-0.970414	-316.327026	554.523926	1804.699951
 358.474731	-0.268512	-0.330646	-0.904751	-650.551331	665.313904	1804.699951
 415.014099	0.012228	-0.469539	-0.882827	-71.799156	-627.992920	1804.699951
 507.389984	0.115511	-0.475951	-0.871853	-1218.218994	-26.796293	1804.699951
 438.140228	-0.132357	0.487141	-0.863235	-137.974472	465.909576	1804.699951
 663.512756	0.154835	-0.202794	-0.966903	-925.853943	140.082123	1804.699951
 630.975891	-0.406122	0.289562	-0.866728	-156.139969	463.080048	1804.699951
 702.307190	-0.309691	0.008697	-0.950798	-842.927551	991.076843	1804.699951
 379.466003	-0.413627	-0.183777	-0.891706	-727.878967	-281.550232	1804.699951
 704.362610	-0.254580	0.160378	-0.953660	826.078064	544.370972	1804.699951
 529.418701	0.494273	-0.064874	-0.866883	-1224.251343	336.930511	1804.699951
 621.372070	-0.339865	0.049012	-0.939196	-199.620300	-620.846680	1804.699951
 529.348694	-0.077269	-0.218556	-0.972760	558.706909	575.125183	1804.699951
 369.436462	-0.068250	0.005602	-0.997653	-307.466614	868.224915	1804.699951
 462.217133	-0.313898	0.356321	-0.880058	1316.936279	546.448120	1804.699951
 674.046509	0.112303	-0.272168	-0.955674	569.703857	-3.452841	1804.699951
 485.594360	-0.149037	-0.450148	-0.880429	812.227783	-696.746155	1804.699951
 562.160828	-0.613607	-0.514296	-0.599154	-425.593842	-1427.342407	1804.699951
 533.606567	-0.217797	0.459448	-0.861088	730.071228	432.330475	1804.699951
 672.560913	0.170676	-0.436117	-0.883556	-125.821060	1068.550781	1804.699951
 447.256653	-0.158611	-0.207673	-0.965254	572.922119	-158.934464	1804.699951
 653.138123	-0.277772	-0.040437	-0.959796	-391.273285	885.043274	1804.699951
 496.971436	-0.437442	-0.108534	-0.892673	1219.848755	702.801270	1804.699951
 526.893127	-0.420663	-0.114498	-0.899962	1010.933716	-1190.109131	1804.699951
 445.389587	-0.269510	-0.304612	-0.913551	-781.241211	-510.618073	1804.699951
 708.183594	-0.415109	-0.346937	-0.841023	1188.591309	569.648743	1804.699951
 342.754150	0.098776	0.101450	-0.989925	90.354713	541.649170	1804.699951
 562.694458	-0.097572	-0.350087	-0.931621	1151.751953	691.219788	1804.699951
 506.483582	0.200176	0.480077	-0.854082	-88.017517	-1278.728638	1804.699951
 672.116211	-0.126375	-0.112961	-0.985530	-917.121338	281.597443	1804.699951
 704.411438	0.454902	0.099183	-0.885001	652.942322	-1231.677612	1804.699951
 724.708252	-0.148441	-0.421696	-0.894504	-334.943604	-307.354919	1804.699951
 362.292664	0.178292	0.314123	-0.932490	884.236572	-307.307526	1804.699951
 296.824493	0.383658	0.014040	-0.923368	-40.563709	-658.444397	1804.699951
 599.742432	0.491401	-0.072965	-0.867871	-1395.871826	593.551758	1804.699951
 354.287292	-0.355374	-0.365867	-0.860146	833.478699	-911.459473	1804.699951
 533.619385	-0.272695	-0.219599	-0.936704	-276.936035	1306.873657	1804.699951
 639.920593	0.431615	-0.213958	-0.876316	693.728882	644.439331	1804.699951
 269.852478	0.076254	0.236441	-0.968649	302.555298	-1493.482300	1804.699951
 627.900391	-0.286191	-0.346457	-0.893343	-593.657715	526.328491	1804.699951
 551.749451	-0.099924	-0.359102	-0.927934	-241.566376	-1103.892090	1804.699951
 220.735947	0.050977	-0.099891	-0.993692	-101.819473	-838.476624	1804.699951
 611.875244	-0.155142	0.021563	-0.987657	-506.283630	852.072083	1804.699951
 510.170441	-0.128756	0.082388	-0.988248	-913.014893	870.995056	1804.699951
 475.186859	-0.011332	0.337417	-0.941287	1142.366577	-834.154602	1804.699951
 430.808197	0.007737	-0.398671	-0.917061	849.053345	-848.583618	1804.699951
 469.244141	-0.294362	-0.432155	-0.852404	544.435181	-332.252075	1804.699951
 434.903015	-0.102065	0.419923	-0.901802	1425.455444	-173.560898	1804.699951
 437.510193	-0.204349	-0.251349	-0.946079	-693.683044	-865.011108	1804.699951
 413.259491	0.184767	-0.045097	-0.981747	536.401672	16.035116	1804.699951
 467.590790	0.154014	-0.001799	-0.988067	-691.705566	-527.650208	1804.699951
 692.656128	0.323833	-0.364155	-0.873226	327.690826	-1142.204468	1804.699951
 453.047485	-0.334872	-0.315180	-0.887988	-1166.567139	-812.673218	1804.699951
 362.139313	-0.497243	0.043267	-0.866532	811.899780	984.071533	1804.699951
 628.421265	0.239017	-0.188394	-0.952564	-300.907837	-469.760956	1804.699951
 301.531616	-0.386435	-0.003149	-0.922311	-167.464584	-420.773987	1804.699951
 644.107544	-0.777880	-0.103806	-0.619780	-1102.749756	642.870117	1804.699951
 640.895020	0.082001	0.479170	-0.873883	166.520782	-375.643158	1804.699951
 443.377838	0.407787	0.213591	-0.887744	369.860199	197.539459	1804.699951
 388.011841	0.480803	-0.067096	-0.874258	331.954468	1003.460327	1804.699951
 557.420471	0.779971	0.005941	-0.625788	1177.373779	-249.155060	1804.699951
 570.480835	0.009590	-0.125008	-0.992109	917.138977	740.593750	1804.699951
 657.154541	-0.015823	0.134368	-0.990805	-65.851181	1138.964966	1804.699951
 524.257935	-0.104338	-0.306933	-0.945994	-1115.953613	469.921936	1804.699951
 304.948700	0.261389	-0.300452	-0.917281	-883.768066	302.301636	1804.699951
 646.944275	0.132460	-0.100031	-0.986128	742.812073	-796.195007	1804.699951
 309.667572	0.415153	0.280402	-0.865461	-194.106934	877.502197	1804.699951
 490.978973	-0.137537	-0.479660	-0.866608	-1445.841919	-306.418610	1804.699951
 409.732086	0.259384	-0.311740	-0.914078	20.009058	-867.505371	1804.699951
 603.890076	-0.001524	0.386435	-0.922315	-984.501892	427.143219	1804.699951
 620.736572	0.267560	-0.130496	-0.954664	-328.917389	249.681442	1804.699951
 666.546021	-0.414278	-0.304867	-0.857572	-109.565849	870.674316	1804.699951
 273.447510	-0.218323	-0.366305	-0.904520	-554.963989	-658.677246	1804.699951
 241.850067	0.028696	0.342141	-0.939210	-771.208252	391.289246	1804.699951
 241.434662	0.015892	0.332937	-0.942815	-798.881165	385.738617	1804.699951
 403.201416	-0.021663	-0.078770	-0.996657	1182.638550	730.665222	1804.699951
 491.740845	0.371938	-0.329961	-0.867633	-1132.614746	-290.822662	1804.699951
 267.950745	0.195490	-0.502311	-0.842299	-596.165405	878.418701	1804.699951
 630.375305	-0.438460	-0.099842	-0.893188	580.835815	1207.118408	1804.699951
 322.507507	0.225945	-0.129687	-0.965469	908.849731	-955.725952	1804.699951
 465.163544	0.260937	0.183829	-0.947691	55.880596	868.907959	1804.699951
 619.169556	-0.242020	-0.273454	-0.930940	-1120.177612	352.406555	1804.699951
 388.971741	-0.340069	-0.314549	-0.886234	-737.496399	1076.194946	1804.699951
 345.128998	0.282288	-0.060973	-0.957390	574.909851	910.414795	1804.699951
 590.616516	0.203975	0.288921	-0.935371	-1305.989502	-772.275269	1804.699951
 714.998047	-0.287567	-0.283458	-0.914854	-891.161621	292.906952	1804.699951
 654.698059	-0.263641	-0.176486	-0.948339	915.782166	1040.718140	1804.699951
 472.790497	0.415987	-0.254077	-0.873155	-810.845886	-567.130737	1804.699951
 636.605530	-0.258038	-0.179597	-0.949295	26.909895	-284.160675	1804.699951
 645.289856	0.114480	-0.088645	-0.989463	-441.903564	-1207.133911	1804.699951
 566.570129	0.277985	-0.026755	-0.960213	-1086.266724	597.454224	1804.699951
 569.740967	-0.294337	-0.263522	-0.918652	118.610428	1370.486694	1804.699951
 276.454895	-0.150586	-0.450498	-0.879986	657.133728	301.233368	1804.699951
 456.729370	-0.308912	-0.180151	-0.933873	1208.127319	317.584503	1804.699951
 340.270172	0.580003	-0.203937	-0.788674	1349.124512	-14.361687	1804.699951
 478.589722	0.403298	-0.106604	-0.908838	482.436310	-1224.384155	1804.699951
 500.119568	0.254979	-0.219446	-0.941716	-841.062805	-428.883087	1804.699951
 348.781982	0.160218	0.063731	-0.985022	596.384216	171.045456	1804.699951
 314.853149	-0.186801	0.032821	-0.981849	-1116.519165	-324.734253	1804.699951
 490.579559	0.685824	-0.358922	-0.633104	-211.964798	-1587.724976	1804.699951
 626.326538	-0.326075	-0.202654	-0.923367	-270.096130	560.411316	1804.699951
 678.267761	0.097080	-0.136903	-0.985816	-605.838623	-1120.978394	1804.699951
 690.657776	0.275970	0.369920	-0.887130	1210.487915	844.753967	1804.699951
 403.061829	-0.280300	0.031958	-0.959380	-807.762573	566.919373	1804.699951
 474.726624	0.234901	-0.437675	-0.867907	-502.075409	833.420532	1804.699951
 630.451416	-0.066334	0.366748	-0.927953	-1190.004395	343.366577	1804.699951
 572.716553	-0.215765	0.050703	-0.975128	-201.487564	-197.679688	1804.699951
 586.241699	0.269152	0.042370	-0.962165	378.570251	-385.115814	1804.699951
 330.273010	-0.235659	-0.269284	-0.933783	-766.515015	-656.205505	1804.699951
 559.347961	-0.187343	-0.135775	-0.972866	132.876251	-292.924072	1804.699951
 381.605194	-0.139572	-0.122738	-0.982576	66.355156	1073.346680	1804.699951
 635.691833	0.350415	-0.189578	-0.917207	962.348999	598.705566	1804.699951
 414.570343	0.182486	0.106249	-0.977451	266.828308	815.594971	1804.699951
 612.410889	-0.033659	0.401090	-0.915420	-114.455681	570.666504	1804.699951
 577.627686	-0.282810	-0.344377	-0.895222	1286.368042	680.844849	1804.699951
 548.336243	0.006921	0.199201	-0.979934	215.165314	956.566650	1804.699951
 493.159790	-0.018533	-0.215242	-0.976385	-8.720538	877.862305	1804.699951
 604.385315	0.103101	-0.331321	-0.937868	411.964996	88.263809	1804.699951
 535.099548	-0.196586	0.051178	-0.979150	1013.246399	-375.428772	1804.699951
 678.290466	0.450664	-0.036297	-0.891955	1192.715210	-669.937927	1804.699951
 257.059448	0.149126	-0.186002	-0.971167	-751.021667	-321.407104	1804.699951
 523.672363	0.147367	-0.236181	-0.960469	725.712341	543.129822	1804.699951
 721.909790	-0.495870	-0.137477	-0.857445	764.737549	273.822662	1804.699951
 600.936096	-0.068156	0.294878	-0.953101	490.184662	126.998230	1804.699951
 247.429153	0.001632	-0.366491	-0.930420	-743.602234	-1128.680664	1804.699951
 406.077393	-0.184231	0.375719	-0.908237	-1200.062988	-918.495239	1804.699951
 675.951294	-0.032254	-0.452650	-0.891105	1141.240112	506.922089	1804.699951
 370.142944	0.361355	0.168544	-0.917069	848.060059	-779.121399	1804.699951
 458.442993	0.092527	0.055293	-0.994174	557.428406	-339.622833	1804.699951
 626.419128	-0.354561	0.261405	-0.897750	-533.058777	-778.781616	1804.699951
 694.320251	0.370450	0.197637	-0.907583	1185.007446	-508.573792	1804.699951
 684.024963	0.205552	-0.437303	-0.875508	-948.455200	-183.758621	1804.699951
 346.526672	-0.266849	-0.393899	-0.879565	556.365784	-680.233459	1804.699951
 637.941650	-0.156555	-0.085543	-0.983958	-953.638123	-709.583008	1804.699951
 306.207825	0.026972	-0.420493	-0.906895	-1225.701294	-584.365173	1804.699951
 525.513855	-0.287314	-0.242549	-0.926618	-1090.584961	-86.751564	1804.699951
 703.361328	-0.487493	0.179898	-0.854393	-176.808899	-1289.620361	1804.699951
 544.585632	0.519645	0.021747	-0.854105	-676.135254	806.293640	1804.699951
 708.467529	-0.250512	-0.108318	-0.962035	338.338135	-1038.418457	1804.699951
 475.470520	-0.089225	0.218062	-0.971848	-87.174965	406.446869	1804.699951
 428.344147	0.072613	0.441915	-0.894113	657.178589	-1278.853027	1804.699951
 302.046448	-0.365189	-0.324196	-0.872659	1492.259277	-26.561377	1804.699951
 406.797119	-0.071325	0.017835	-0.997294	-334.090607	-239.631821	1804.699951
 361.511780	0.060471	0.209533	-0.975930	1402.201538	-500.638885	1804.699951
 611.632568	-0.117359	0.004668	-0.993079	-520.012085	-278.489899	1804.699951
 493.832458	-0.253977	-0.169123	-0.952309	1441.524536	110.025620	1804.699951
 451.334778	0.390980	-0.370322	-0.842612	730.575256	-615.014954	1804.699951
 432.954620	0.354583	0.224339	-0.907713	963.022278	-623.266174	1804.699951
 462.846252	-0.031072	0.025547	-0.999191	-78.370453	838.640137	1804.699951
 542.738953	0.363597	-0.098833	-0.926299	161.363159	-1199.624146	1804.699951
 499.011719	0.238383	-0.342378	-0.908818	227.376801	-780.503845	1804.699951
 589.960876	-0.161984	0.429201	-0.888565	-37.039654	890.174072	1804.699951
 341.177673	0.368786	0.295531	-0.881282	234.183197	847.978577	1804.699951
 338.711945	0.078606	0.293808	-0.952627	-217.362106	876.303162	1804.699951
 383.465820	0.831562	-0.079123	-0.549767	1395.201416	74.823280	1804.699951
 660.737732	0.110414	-0.237929	-0.964987	967.700989	916.533325	1804.699951
 350.638489	0.038335	0.310839	-0.949689	-1027.129395	-909.805481	1804.699951
 375.595215	-0.082435	0.258222	-0.962562	-874.305969	649.501221	1804.699951
 481.817627	0.261498	-0.364498	-0.893734	389.794800	335.786713	1804.699951
 373.546997	0.138685	0.192728	-0.971402	595.903015	-635.741638	1804.699951
 586.571838	-0.486792	0.191186	-0.852339	652.541748	1319.190186	1804.699951
 693.912109	-0.060054	0.341891	-0.937819	-1357.458374	110.328415	1804.699951
 546.088501	-0.171965	-0.266234	-0.948445	-669.897705	-1297.192017	1804.699951
 459.678833	-0.453832	-0.001866	-0.891085	-304.696350	-988.651733	1804.699951
 241.031921	-0.244634	0.468900	-0.848697	-803.401489	-460.546356	1804.699951
 678.704468	-0.131923	-0.447472	-0.884514	862.357971	-578.283936	1804.699951
 510.552277	-0.216254	0.007606	-0.976308	-275.194824	-1282.978760	1804.699951
 552.643616	-0.305541	-0.355276	-0.883416	775.529236	839.615356	1804.699951
 595.429016	-0.377726	0.587067	-0.716014	-1353.241089	268.175476	1804.699951
 495.356079	-0.242917	-0.334924	-0.910394	512.966675	-54.478745	1804.699951
 423.148071	0.344583	-0.344639	-0.873205	-617.470215	884.003784	1804.699951
 544.501526	0.004833	-0.250445	-0.968119	-675.026978	-117.647018	1804.699951
 588.914673	-0.060911	-0.289748	-0.955163	1019.440796	-957.354736	1804.699951
 651.784485	0.531612	0.061562	-0.844748	704.787903	-364.449829	1804.699951
 458.111176	0.166629	0.295944	-0.940560	-1132.676514	-96.305992	1804.699951
 555.818115	0.497255	-0.187315	-0.847143	-373.436707	-200.800186	1804.699951
 401.370667	-0.016506	0.062685	-0.997897	-630.086243	691.914185	1804.699951
 617.141479	-0.004007	0.146513	-0.989201	-77.098572	-1481.888916	1804.699951
 691.261353	-0.361278	-0.236195	-0.902048	-85.062958	-748.888916	1804.699951
 403.522919	0.209172	-0.103688	-0.972366	-1057.320312	562.924988	1804.699951
 369.328613	-0.263077	-0.330544	-0.906384	-320.375458	-816.005432	1804.699951
 332.846497	0.133134	-0.290908	-0.947443	-66.093552	-1209.438965	1804.699951
 450.877441	-0.492279	-0.377901	-0.784125	-439.143341	-878.397461	1804.699951
 347.619324	0.150633	-0.158534	-0.975795	367.648132	-828.615112	1804.699951
 341.707825	-0.359271	0.326405	-0.874291	-1489.689087	-395.535461	1804.699951
 400.969360	-0.091776	0.148710	-0.984613	212.830276	543.148315	1804.699951
 249.975677	-0.401930	-0.174825	-0.898826	318.147064	655.640808	1804.699951
 220.414169	-0.350196	0.110258	-0.930164	77.082413	-695.063293	1804.699951
 321.332520	-0.338237	0.307953	-0.889247	-576.647827	1111.771362	1804.699951
 329.387512	0.192704	0.452989	-0.870440	422.024689	-121.852562	1804.699951
 263.615234	0.176346	0.153853	-0.972230	400.542542	696.109131	1804.699951
 510.947418	-0.395956	-0.277251	-0.875415	-19.195587	-441.393524	1804.699951
 621.129883	0.046958	0.421950	-0.905402	616.836243	1384.592407	1804.699951
 482.220520	0.041659	-0.144086	-0.988688	-1024.891724	1032.708130	1804.699951
 532.798645	-0.100823	0.366981	-0.924749	-324.222412	-119.294174	1804.699951
 514.329224	-0.129423	0.214255	-0.968166	-1114.825195	-387.392975	1804.699951
 235.397141	0.097825	-0.457906	-0.883602	671.776733	-959.428040	1804.699951
 521.936707	-0.470180	-0.255330	-0.844830	707.544983	1284.714600	1804.699951
 730.791138	-0.175658	-0.424380	-0.888283	-975.362854	-560.325073	1804.699951
 600.277954	0.123342	-0.250231	-0.960297	428.617798	-438.916687	1804.699951
 399.767944	0.073569	-0.202249	-0.976567	918.239258	-132.472794	1804.699951
 601.847656	0.085530	-0.133451	-0.987358	-510.616852	957.012756	1804.699951
 232.460464	-0.239815	-0.037957	-0.970076	-782.433533	807.798706	1804.699951
 297.613861	-0.611566	-0.563235	-0.555655	-1100.691284	-808.359436	1804.699951
 366.547882	-0.426528	0.260390	-0.866182	574.537354	725.448853	1804.699951
 237.584778	0.478486	0.115440	-0.870474	967.882690	142.419693	1804.699951
 513.724609	-0.262288	-0.145083	-0.954021	-193.397873	804.622437	1804.699951
 612.519287	0.179088	0.103319	-0.978393	-709.723511	385.866364	1804.699951
 412.233917	-0.022418	-0.165334	-0.985983	246.053665	-832.835205	1804.699951
 353.412872	-0.053255	-0.193015	-0.979749	-428.471893	1199.871338	1804.699951
 352.850464	-0.217061	-0.008689	-0.976119	1159.136353	471.349030	1804.699951
 428.666473	0.222153	-0.257951	-0.940271	-999.046021	-662.004761	1804.699951
 569.769897	0.183520	-0.507019	-0.842171	-1398.404053	-272.581146	1804.699951
 394.842987	-0.264569	-0.278256	-0.923351	982.645508	-529.997742	1804.699951
 424.337433	-0.146799	0.454705	-0.878461	-992.394836	550.528625	1804.699951
 290.652771	0.130838	-0.254875	-0.958082	-1386.181152	105.450233	1804.699951
 227.108063	0.095175	0.121071	-0.988071	-1255.026489	471.271088	1804.699951
 275.320435	-0.360406	-0.062114	-0.930725	1177.361938	-485.257019	1804.699951
 408.756775	-0.221439	-0.041936	-0.974272	234.493530	1199.500610	1804.699951
 515.433594	0.272110	-0.302689	-0.913420	-290.735016	1125.095825	1804.699951
 623.672302	-0.389431	0.262816	-0.882763	91.431763	1549.842529	1804.699951
 208.807114	0.175269	-0.223255	-0.958873	758.235779	-1296.140259	1804.699951
 606.410645	0.329147	0.000641	-0.944279	749.916687	-1159.673462	1804.699951
 489.156067	0.149166	-0.439437	-0.885801	1055.177612	-310.727997	1804.699951
 365.631622	-0.013096	-0.715299	-0.698696	-807.631531	-1158.340454	1804.699951
 590.290222	-0.190919	0.132575	-0.972612	576.184265	1124.605835	1804.699951
 217.750092	-0.113678	0.217019	-0.969526	-356.244202	-93.600899	1804.699951
 380.591797	0.168095	-0.228585	-0.958902	985.010254	-886.116638	1804.699951
 599.422974	0.275504	0.386925	-0.879993	-666.780396	-646.648071	1804.699951
 601.418518	-0.159523	-0.071510	-0.984601	-255.030899	-696.626160	1804.699951
 499.620453	-0.189280	-0.437854	-0.878895	9.879342	-239.092407	1804.699951
 536.450562	-0.157989	0.252559	-0.954596	-914.694946	-626.606506	1804.699951
 407.899292	-0.162404	-0.386170	-0.908019	-100.026344	183.312103	1804.699951
 323.849915	-0.120451	-0.475348	-0.871513	-739.940735	-1213.317383	1804.699951
 370.897339	-0.307055	0.045680	-0.950595	105.453278	1181.567627	1804.699951
 521.188049	-0.163197	-0.467858	-0.868605	879.132019	486.338318	1804.699951
 627.572510	0.026445	0.486465	-0.873300	-473.719055	-750.690796	1804.699951
 429.587341	-0.295830	-0.425835	-0.855073	-82.798706	-1351.920410	1804.699951
 482.667267	-0.240940	0.290954	-0.925902	1000.079895	1124.228882	1804.699951
 467.142059	-0.602870	0.254563	-0.756138	-703.909790	1233.554321	1804.699951
 390.388672	-0.334227	-0.152547	-0.930065	-401.667389	-388.301727	1804.699951
 722.866638	-0.312143	0.003851	-0.950027	-2.440976	1139.665161	1804.699951
 310.207184	0.271122	0.306502	-0.912441	913.876282	-1124.838867	1804.699951
 358.852417	0.511082	0.252862	-0.821496	1292.743164	660.468445	1804.699951
 349.188141	-0.040160	-0.187650	-0.981415	775.023315	391.429840	1804.699951
 719.332275	-0.219257	-0.442499	-0.869552	-545.687500	596.033264	1804.699951
 389.861298	-0.451441	-0.162734	-0.877336	-672.888245	-598.272644	1804.699951
 319.230133	-0.164826	0.259627	-0.951539	499.360962	-496.436249	1804.699951
 715.115051	-0.256875	0.111092	-0.960039	653.185913	891.162659	1804.699951
 686.900452	0.194725	0.021299	-0.980627	108.562683	-1389.863403	1804.699951
 440.987000	0.102727	-0.270411	-0.957249	-1433.746216	171.336685	1804.699951
 352.002747	0.365666	-0.078801	-0.927405	-1302.312012	-27.826439	1804.699951
 359.575256	-0.368978	-0.286945	-0.884035	-1226.394287	-396.977661	1804.699951
 335.182343	-0.210365	-0.405661	-0.889486	415.251801	381.555695	1804.699951
 377.147736	0.222609	-0.055370	-0.973334	752.432739	612.318420	1804.699951
 268.946350	-0.156430	0.412490	-0.897431	120.366142	-15.200509	1804.699951
 647.161621	-0.175736	0.309513	-0.934515	378.429779	-1243.908691	1804.699951
 671.633179	-0.412673	-0.000128	-0.910879	752.232727	-381.030029	1804.699951
 343.833954	0.561170	0.212758	-0.799889	-1620.620850	131.532837	1804.699951
 602.289307	-0.531882	-0.105114	-0.840270	873.241943	289.493073	1804.699951
 337.540436	0.038536	-0.161369	-0.986142	-1195.823975	-474.029510	1804.699951
 269.903870	0.638329	0.444612	-0.628376	710.297180	-493.645355	1804.699951
 646.282898	-0.173716	-0.449763	-0.876091	1379.303955	459.567810	1804.699951
 402.524414	0.440425	0.345065	-0.828828	-876.760742	-715.886841	1804.699951
 474.436920	-0.365352	-0.117467	-0.923428	450.311523	-456.335205	1804.699951
 302.799835	-0.415178	-0.407527	-0.813357	547.671936	437.204926	1804.699951
 561.368530	0.259866	0.336317	-0.905186	-163.736664	160.979401	1804.699951
 574.730896	-0.430479	0.179687	-0.884534	-447.498596	81.618767	1804.699951
 602.370544	-0.210960	-0.430434	-0.877623	841.114685	-959.074951	1804.699951
 486.063232	-0.201203	-0.455732	-0.867079	-431.889923	-1013.761475	1804.699951
 622.618958	-0.107340	-0.321624	-0.940763	769.621948	-629.612000	1804.699951
 237.786484	0.289553	-0.308567	-0.906060	184.212387	-835.831726	1804.699951
 736.071472	0.291480	0.065567	-0.954327	279.212952	564.317139	1804.699951
 646.133301	0.083780	0.415187	-0.905870	133.465851	-64.148895	1804.699951
 559.232361	-0.076803	-0.303642	-0.949686	860.794617	-401.943939	1804.699951
 248.475006	-0.286126	0.487859	-0.824697	402.540436	254.709641	1804.699951
 374.728516	-0.142905	-0.080390	-0.986466	568.790039	549.275085	1804.699951
 313.385712	-0.404816	-0.012872	-0.914308	-278.957977	-496.732788	1804.699951
 472.792328	0.073115	0.449116	-0.890477	294.467621	914.918335	1804.699951
 491.065247	-0.301171	-0.099753	-0.948338	-111.147934	-1191.715332	1804.699951
 410.942535	0.204226	0.333216	-0.920466	987.098938	604.123779	1804.699951
 397.546295	0.405254	-0.027103	-0.913803	1179.142822	-964.415405	1804.699951
 548.677124	-0.288015	0.053549	-0.956128	1134.730713	238.865585	1804.699951
 669.210083	-0.680504	0.011567	-0.732653	-689.042908	1120.485718	1804.699951
 405.891235	-0.451973	-0.261516	-0.852836	592.755615	1000.663818	1804.699951
 475.481750	-0.387714	0.158027	-0.908133	624.372314	619.652161	1804.699951
 461.247375	-0.310621	0.044853	-0.949475	731.984375	-180.601120	1804.699951
 271.942322	-0.565618	0.025762	-0.824265	560.695618	-771.219238	1804.699951
 531.035828	-0.083988	0.225844	-0.970536	1141.041504	637.118103	1804.699951
 459.549622	-0.409582	-0.441770	-0.798174	-987.213501	-856.298096	1804.699951
 643.199707	-0.370627	-0.322820	-0.870875	1328.321167	350.822205	1804.699951
 654.797241	-0.421557	-0.254551	-0.870341	822.261719	890.236267	1804.699951
 644.644104	-0.184959	0.366120	-0.912001	171.417038	-38.107849	1804.699951
 397.061676	0.084115	-0.148995	-0.985254	553.671814	-628.199158	1804.699951
 362.567657	-0.221124	-0.273491	-0.936113	-1130.049072	514.724060	1804.699951
 410.689148	-0.167341	-0.378518	-0.910341	-841.273193	-76.450172	1804.699951
 709.609680	-0.268267	-0.156129	-0.950609	358.239807	-410.983643	1804.699951
 246.028992	-0.051034	-0.147721	-0.987711	1016.527527	851.716248	1804.699951
 210.127975	-0.163303	-0.172308	-0.971413	-1052.055542	158.120789	1804.699951
 564.339661	0.190733	-0.084740	-0.977977	-1016.950928	-390.495422	1804.699951
 545.500122	-0.073782	-0.244967	-0.966720	42.225952	769.964355	1804.699951
 370.181366	0.077842	-0.284310	-0.955567	-1395.180054	-405.778320	1804.699951
 409.769775	-0.208306	-0.039720	-0.977257	229.624451	-606.801758	1804.699951
 239.776306	0.406320	0.164262	-0.898845	-541.844910	-1309.679565	1804.699951
 717.938782	-0.225039	-0.136430	-0.964751	-760.823608	-950.333984	1804.699951
 596.875610	0.069984	-0.414362	-0.907418	85.800201	-1218.396362	1804.699951
 463.459900	-0.078343	0.283833	-0.955668	-1166.761719	-881.334229	1804.699951
 506.308380	-0.395587	-0.415586	-0.819024	-930.653992	-1106.273682	1804.699951
 619.508179	0.088046	0.323534	-0.942111	-843.434998	-163.031372	1804.699951
 678.534119	-0.059295	-0.497358	-0.865517	-679.045105	-608.022827	1804.699951
 349.964447	-0.267593	0.250371	-0.930435	-988.136475	724.026550	1804.699951
 353.215302	0.190815	0.278478	-0.941297	-401.539978	557.466187	1804.699951
 392.473022	-0.358859	-0.131440	-0.924091	-1077.325073	436.359009	1804.699951
 691.302551	-0.244782	-0.205786	-0.947488	470.383606	975.152222	1804.699951
 415.304779	0.333364	-0.326175	-0.884578	-203.341049	-82.058517	1804.699951
 213.661972	-0.132237	-0.295309	-0.946206	-975.177917	-1151.266235	1804.699951
 588.334595	-0.050687	0.083719	-0.995200	921.829712	-1036.130127	1804.699951
 388.653107	-0.219571	0.182449	-0.958385	-232.896606	504.245911	1804.699951
 288.135040	0.184612	-0.359742	-0.914606	683.160278	1274.817383	1804.699951
 276.314392	-0.280666	0.635904	-0.718925	65.703445	1477.106812	1804.699951
 401.543884	-0.539314	0.138820	-0.830584	-1200.198730	671.084351	1804.699951
 603.525818	0.099161	0.356057	-0.929188	-368.447845	-1238.577759	1804.699951
 506.170197	-0.094431	0.188312	-0.977559	832.272461	261.848022	1804.699951
 266.957489	0.337979	0.150168	-0.929096	-107.067894	-503.721130	1804.699951
 672.140991	-0.098233	0.098467	-0.990280	-798.456360	-397.204071	1804.699951
 500.655579	-0.669712	0.159198	-0.725356	-1249.567383	47.151726	1804.699951
 371.157745	-0.193878	0.077995	-0.977920	1157.643066	876.488037	1804.699951
 618.287170	0.526714	-0.075839	-0.846653	801.910339	-1149.190552	1804.699951
 303.811279	0.109726	0.489455	-0.865098	922.370422	-1152.799805	1804.699951
 443.630402	0.389747	0.239972	-0.889107	-578.770447	295.603027	1804.699951
 315.378967	0.481985	0.044358	-0.875056	406.148376	-1002.791138	1804.699951
 489.311707	0.024773	0.531333	-0.846801	409.210602	1318.118896	1804.699951
 604.019958	-0.360124	-0.110281	-0.926363	-756.689941	708.756470	1804.699951
 618.312439	0.186563	0.458756	-0.868756	235.208405	-507.512817	1804.699951
 485.408875	-0.241193	0.286394	-0.927257	-1290.223389	-125.211212	1804.699951
 601.121155	0.328032	0.076668	-0.941550	-0.089851	-1131.600708	1804.699951
 695.494690	0.403876	0.182862	-0.896351	-210.513733	958.046448	1804.699951
 566.603088	-0.060851	0.493690	-0.867506	-1487.830566	-293.552490	1804.699951
 599.596130	-0.057174	0.242731	-0.968407	0.240550	454.460358	1804.699951
 456.985138	0.267120	-0.438090	-0.858326	-377.077393	-759.559753	1804.699951
 543.894714	-0.343581	0.166986	-0.924158	-421.387268	1210.028076	1804.699951
 673.963989	0.189249	0.168530	-0.967358	-1149.827393	-93.843155	1804.699951
 558.458252	-0.398641	-0.332149	-0.854846	-670.508240	231.891205	1804.699951
 219.900467	0.432250	0.508299	-0.744844	1355.396240	160.144730	1804.699951
 322.798096	0.168406	0.328071	-0.929521	-1210.677734	177.020035	1804.699951
 728.994385	0.022223	-0.451105	-0.892194	-251.088303	-329.847717	1804.699951
 298.385712	0.318859	-0.050332	-0.946465	-1154.153687	975.847229	1804.699951
 370.367554	-0.700779	-0.458115	-0.546845	-365.205078	-1287.498901	1804.699951
 332.110321	-0.110945	-0.155284	-0.981620	-23.773308	1186.867188	1804.699951
 276.623474	-0.286554	0.538479	-0.792419	767.580017	1255.994019	1804.699951
 673.279114	0.225357	-0.432922	-0.872807	319.009216	-1197.891724	1804.699951
 396.379272	0.373763	0.264959	-0.888874	96.163315	-924.453796	1804.699951
 626.491333	-0.087255	0.376589	-0.922262	225.091080	446.374268	1804.699951
 661.429443	-0.262530	-0.289807	-0.920375	603.597351	197.788116	1804.699951
 538.848083	0.065309	0.147560	-0.986895	354.739166	2.843670	1804.699951
 401.117157	0.208438	0.037145	-0.977330	128.337082	1177.416748	1804.699951
 512.287659	-0.461865	0.029238	-0.886468	-582.217285	-856.541443	1804.699951
 687.300293	0.064473	-0.000579	-0.997919	-552.954285	-226.890060	1804.699951
 283.147186	-0.258985	0.000519	-0.965881	482.001160	-472.273804	1804.699951
 669.374390	-0.433190	-0.193000	-0.880396	-516.095154	79.715012	1804.699951
 670.872986	-0.043248	0.113592	-0.992586	320.800201	-334.063599	1804.699951
 295.243896	0.583739	-0.299160	-0.754820	755.015381	-1204.929810	1804.699951
 695.939758	-0.233878	0.283177	-0.930114	485.566956	94.554779	1804.699951
 539.681335	0.309548	-0.131243	-0.941783	-60.525333	959.598694	1804.699951
 475.300079	-0.145382	0.508403	-0.848758	-121.561691	-1010.320923	1804.699951
 420.893280	0.004869	-0.239370	-0.970916	375.539429	-822.463318	1804.699951
 566.145203	-0.332895	0.095878	-0.938077	919.161926	-605.736938	1804.699951
 637.245361	0.106401	-0.233599	-0.966494	-51.356621	398.450470	1804.699951
 650.534424	-0.240194	-0.353373	-0.904121	-460.070190	881.471008	1804.699951
 656.115051	0.088353	-0.385943	-0.918282	-1096.930176	-433.968323	1804.699951
 216.291412	0.143472	-0.232082	-0.962057	-117.933281	-952.241882	1804.699951
 365.319519	-0.271963	-0.004030	-0.962299	-585.465881	-566.840881	1804.699951
 570.001465	-0.102308	-0.141162	-0.984686	-202.109573	-1442.988770	1804.699951
 537.808777	0.013788	0.235417	-0.971797	-245.040756	1051.049438	1804.699951
 415.101105	-0.195786	-0.014989	-0.980532	-235.992325	1258.245728	1804.699951
 240.283585	-0.403423	0.517636	-0.754522	-1107.681763	737.234680	1804.699951
 710.047913	-0.282812	-0.283342	-0.916371	-427.587341	434.473175	1804.699951
 655.390930	0.294970	0.244916	-0.923585	-544.753052	-910.226013	1804.699951
 373.500671	-0.230876	-0.214436	-0.949059	232.403122	-699.358093	1804.699951
 689.969299	-0.529066	0.026388	-0.848170	-456.513458	897.134644	1804.699951
 579.715393	-0.070656	-0.138479	-0.987842	568.280640	881.090759	1804.699951
 445.155457	-0.258297	-0.153451	-0.953800	-937.963013	353.940094	1804.699951
 458.060120	0.054297	0.074998	-0.995704	-44.134109	-472.925781	1804.699951
 375.682953	-0.089966	0.291809	-0.952236	-214.295822	-110.809067	1804.699951
 210.255585	-0.146146	-0.034212	-0.988671	-900.183533	51.872540	1804.699951
 299.539276	-0.632157	0.195716	-0.749715	-1386.113770	130.753784	1804.699951
 549.321411	-0.597208	-0.401709	-0.694243	-1307.575928	-436.091461	1804.699951
 352.818573	0.418388	0.198936	-0.886214	639.131165	-523.795593	1804.699951
 595.588074	-0.001433	-0.185311	-0.982679	-85.293694	-913.040527	1804.699951
 527.334290	0.528037	-0.044720	-0.848043	-700.565918	288.008881	1804.699951
 665.258789	-0.026698	-0.111018	-0.993460	457.162170	-1158.185059	1804.699951
 592.888794	0.150485	-0.232357	-0.960918	124.204803	349.280121	1804.699951
 282.203369	-0.476159	0.111696	-0.872237	803.954834	172.068573	1804.699951
 663.032776	0.067451	-0.247233	-0.966606	-619.683716	-438.246216	1804.699951
 230.357574	0.038824	0.266997	-0.962915	927.404907	747.721252	1804.699951
 556.642517	-0.491160	-0.554196	-0.672033	-1079.604614	-925.482605	1804.699951
 374.792145	-0.033075	0.129649	-0.991008	-547.858704	1310.114868	1804.699951
 623.752686	-0.170758	-0.308799	-0.935674	1074.386841	627.400879	1804.699951
 354.580414	-0.374745	0.522592	-0.765809	-1393.599976	405.209564	1804.699951
 491.191498	0.081101	-0.252194	-0.964272	282.252991	980.360107	1804.699951
 587.255676	0.208540	-0.407386	-0.889127	1169.669312	859.456970	1804.699951
 470.105927	0.197109	0.039437	-0.979588	558.538208	-1201.609375	1804.699951
 463.641632	0.037797	-0.054605	-0.997792	139.885468	-674.924866	1804.699951
 386.590515	0.107875	-0.309776	-0.944670	309.503815	-702.385254	1804.699951
 596.224487	-0.243451	0.330537	-0.911853	962.019958	243.068985	1804.699951
 286.973511	-0.383365	-0.260525	-0.886091	1040.459839	-428.665466	1804.699951
 335.239136	0.595992	0.078444	-0.799150	31.505499	-1224.417236	1804.699951
 642.991394	-0.159337	-0.235420	-0.958744	796.466858	-318.713806	1804.699951
 658.044128	0.297667	-0.453688	-0.839977	811.241577	61.296242	1804.699951
 427.641724	0.187542	0.239844	-0.952524	-132.185211	-492.494415	1804.699951
 312.059418	0.230955	0.443376	-0.866070	486.339691	1145.077148	1804.699951
 536.272644	0.211820	0.034319	-0.976706	-781.745605	669.433655	1804.699951
 554.426514	-0.019996	0.521152	-0.853230	-447.329559	-1194.175293	1804.699951
 335.164856	-0.276201	0.179130	-0.944259	-8.647101	-1303.501831	1804.699951
 473.208405	-0.252909	0.240220	-0.937193	-80.582481	-1354.038452	1804.699951
 379.872223	0.125676	-0.135187	-0.982818	-1087.892822	-298.530273	1804.699951
 445.224548	-0.249193	-0.402806	-0.880710	168.610397	-1000.904419	1804.699951
 649.749817	-0.243738	0.474683	-0.845735	341.477814	-306.399017	1804.699951
 516.082458	-0.224223	0.075136	-0.971637	1506.122681	-119.260117	1804.699951
 585.363770	0.441467	-0.177672	-0.879511	539.039551	-845.191956	1804.699951
 664.911865	-0.095765	0.329311	-0.939353	59.215679	-824.148499	1804.699951
 293.437927	-0.210356	0.139133	-0.967674	628.743408	-149.244614	1804.699951
 259.105469	-0.302332	-0.315916	-0.899329	1213.952026	-146.722900	1804.699951
 542.009521	0.223847	0.417538	-0.880656	942.028015	261.456604	1804.699951
 436.928558	0.085961	-0.368524	-0.925635	986.601624	-1108.468506	1804.699951
 453.131714	0.026769	0.145840	-0.988946	-1247.770264	-84.937958	1804.699951
 630.107605	-0.351548	-0.402422	-0.845263	-890.287476	1074.511597	1804.699951
 540.441772	0.363724	0.240928	-0.899810	-1000.830627	193.509872	1804.699951
 634.025330	-0.098670	-0.010990	-0.995060	-223.740463	-508.720154	1804.699951
 614.065735	0.436330	-0.033150	-0.899176	-385.434174	-860.103943	1804.699951
 212.154022	0.036859	0.344024	-0.938237	-873.462646	-1148.264404	1804.699951
 481.493286	-0.075301	-0.076421	-0.994228	-436.960449	-10.675901	1804.699951
 345.575684	-0.352390	0.117562	-0.928440	-272.894928	476.995117	1804.699951
 400.069092	-0.295275	-0.576515	-0.761868	-997.782898	-737.357178	1804.699951
 221.534973	0.163006	0.151995	-0.974847	-546.757080	-436.545563	1804.699951
 360.267548	-0.184323	-0.080461	-0.979567	910.865662	1063.481567	1804.699951
 440.151947	-0.518542	-0.042339	-0.854003	678.098938	-819.820068	1804.699951
 674.760681	-0.735519	-0.231179	-0.636842	-1034.793579	-575.566345	1804.699951
 453.082947	0.277440	0.300451	-0.912555	422.827301	853.392700	1804.699951
 585.345825	-0.146138	0.296561	-0.943767	-498.326752	-795.715881	1804.699951
 496.695099	-0.291394	-0.485452	-0.824273	-1281.479126	241.876266	1804.699951
 594.230042	0.381373	-0.374311	-0.845249	454.620117	-876.535217	1804.699951
 586.095947	-0.365997	-0.130436	-0.921430	110.184090	223.184570	1804.699951
 242.266510	-0.446345	-0.015255	-0.894731	385.365448	-1384.943237	1804.699951
 406.519867	0.013610	0.163041	-0.986525	-671.017151	-1343.087280	1804.699951
 480.053406	-0.315120	0.258300	-0.913225	-1261.652710	-281.987885	1804.699951
 444.772919	-0.214123	-0.227253	-0.950004	-1423.180542	-147.607849	1804.699951
 508.601257	-0.413054	-0.323989	-0.851127	1221.541138	449.372375	1804.699951
 404.724579	0.257190	-0.394407	-0.882211	-514.822083	-1015.527039	1804.699951
 689.102905	-0.236092	0.371799	-0.897790	-124.028900	660.432007	1804.699951
 335.840576	0.162524	0.289774	-0.943195	727.527039	805.980103	1804.699951
 542.435730	0.174541	0.373684	-0.910986	-1002.673645	-1089.120117	1804.699951
 597.440186	-0.004615	0.426250	-0.904594	768.183228	-881.312317	1804.699951
 242.691055	-0.127556	0.116459	-0.984971	-224.768082	1342.590942	1804.699951
 473.016907	0.387699	0.277593	-0.878995	-862.874939	86.458138	1804.699951
 452.670410	-0.334407	0.110324	-0.935949	-18.625536	394.355042	1804.699951
 588.374756	0.306791	-0.442705	-0.842551	349.706665	392.517365	1804.699951
 453.879028	-0.233135	-0.246382	-0.940715	246.394653	-371.415070	1804.699951
 432.498291	0.193105	-0.123669	-0.973353	-69.789230	-198.120987	1804.699951
 462.155090	-0.170426	0.173606	-0.969957	754.380737	162.212585	1804.699951
 279.647858	-0.037155	0.424527	-0.904653	257.093964	193.068985	1804.699951
 647.436218	0.449666	-0.346338	-0.823317	-291.760498	331.371948	1804.699951
 372.596802	0.429681	-0.161800	-0.888367	781.941345	-1240.534790	1804.699951
 400.875854	-0.348881	0.299728	-0.887944	211.539139	-1369.373657	1804.699951
 676.699707	-0.211997	-0.194116	-0.957798	-472.004852	1182.854126	1804.699951
 672.230957	-0.262213	-0.264910	-0.927937	187.113693	-740.008667	1804.699951
 360.169922	-0.645382	-0.065130	-0.761078	-1375.976685	-280.057434	1804.699951
 389.733002	-0.063385	-0.116271	-0.991193	357.602142	264.052490	1804.699951
 675.553528	-0.057617	0.480827	-0.874920	840.801086	80.983307	1804.699951
 377.548553	0.562269	0.052475	-0.825288	1212.333252	805.063965	1804.699951
 478.962769	0.466269	0.034335	-0.883976	121.448059	-609.420959	1804.699951
 521.187317	-0.011877	0.375286	-0.926833	1158.497681	357.740540	1804.699951
 673.035828	0.024886	0.342201	-0.939297	254.465698	-588.089111	1804.699951
 450.494751	0.381152	0.280618	-0.880895	1241.354736	-390.559357	1804.699951
 347.301636	-0.091074	-0.281005	-0.955375	555.421265	436.191620	1804.699951
 283.308624	-0.100264	-0.501603	-0.859268	154.245895	1123.429077	1804.699951
 301.357666	-0.215451	-0.366714	-0.905042	-473.374023	-810.924805	1804.699951
 312.076355	-0.083339	-0.309500	-0.947240	1431.139160	-2.416881	1804.699951
 487.891541	-0.433205	-0.044984	-0.900172	113.477776	-419.500427	1804.699951
 699.287476	0.154128	0.023459	-0.987772	-837.588684	-988.791443	1804.699951
 643.564514	0.376713	-0.220213	-0.899774	-1072.849731	-215.388885	1804.699951
 584.652100	-0.331470	0.372272	-0.866915	27.438520	1349.791016	1804.699951
 655.002197	-0.317761	0.037772	-0.947418	466.124603	-213.234970	1804.699951
 629.878235	-0.339458	-0.179014	-0.923430	873.419434	-682.879883	1804.699951
 245.330002	-0.178115	-0.435603	-0.882341	-84.402390	-1317.852539	1804.699951
 514.187500	0.328405	0.215532	-0.919617	387.723907	396.752716	1804.699951
 541.735718	-0.133455	-0.368450	-0.920019	1205.721436	-386.453461	1804.699951
 602.220032	-0.267065	-0.146755	-0.952439	-471.289429	820.883606	1804.699951
 614.390625	-0.219187	-0.363782	-0.905329	280.081909	753.064575	1804.699951
 590.402527	-0.366306	0.154149	-0.917637	1125.370728	21.969059	1804.699951
 264.652435	0.001375	-0.049089	-0.998793	-727.672729	-1192.294189	1804.699951
 639.022034	-0.080489	-0.388444	-0.917950	402.919739	400.710876	1804.699951
 509.443359	0.412739	0.373692	-0.830663	436.535156	-793.347351	1804.699951
 653.786926	0.129329	0.273901	-0.953023	879.793884	-306.280731	1804.699951
 605.230225	-0.227012	-0.281323	-0.932375	-692.834412	177.587524	1804.699951
 499.242981	-0.340751	0.359217	-0.868822	-1198.387695	-192.392120	1804.699951
 636.041748	-0.255407	-0.219080	-0.941685	1161.049194	359.936005	1804.699951
 419.269073	0.439296	-0.255969	-0.861103	-1434.636108	127.708168	1804.699951
 373.335907	-0.519902	0.028358	-0.853755	-908.059143	800.773560	1804.699951
 498.131409	-0.125244	-0.027064	-0.991757	-963.106079	-288.849030	1804.699951
 284.798523	-0.337860	0.134396	-0.931551	-571.104187	965.479065	1804.699951
 495.674011	-0.015494	-0.187839	-0.982078	-508.811615	-1254.479614	1804.699951
 475.098663	0.470502	0.022788	-0.882105	-906.178528	453.921722	1804.699951
 316.234589	0.748667	-0.157045	-0.644076	1385.216431	-340.045074	1804.699951
 604.982788	-0.221734	0.389112	-0.894106	920.960938	-633.494690	1804.699951
 485.022949	0.373150	0.298152	-0.878558	-1015.242615	123.664154	1804.699951
 238.033340	0.433953	0.083769	-0.897033	-962.389954	-101.648628	1804.699951
 278.742065	0.033848	0.227780	-0.973124	799.266479	-223.712601	1804.699951
 561.085083	-0.266504	0.330746	-0.905308	-721.784485	-674.735291	1804.699951
 494.093536	0.030215	0.309394	-0.950454	-465.165649	-217.646790	1804.699951
 236.507919	-0.037459	0.132334	-0.990497	242.183105	-311.064270	1804.699951
 444.271332	-0.285201	0.195016	-0.938418	-874.351624	506.234924	1804.699951
 478.695953	-0.352892	-0.081369	-0.932119	-355.901764	1362.210327	1804.699951
 416.287384	-0.000399	-0.479637	-0.877467	1380.779419	-245.018051	1804.699951
 464.312805	0.145382	0.042654	-0.988456	-139.859070	-224.430969	1804.699951
 186.552277	0.270685	0.851680	-0.448743	664.709961	981.838623	1804.699951
 679.206665	-0.150351	0.185981	-0.970982	598.880554	-975.447815	1804.699951
 433.357086	0.490131	-0.366818	-0.790706	438.194794	-1236.789917	1804.699951
 319.973877	-0.396096	-0.286944	-0.872222	-59.962585	1384.295532	1804.699951
 563.089783	-0.296497	0.371489	-0.879822	-36.981674	-453.575439	1804.699951
 316.499939	-0.107852	0.330819	-0.937511	774.921753	-1222.532471	1804.699951
 557.853638	-0.165182	-0.442644	-0.881352	378.292175	-1193.191162	1804.699951
 215.214996	0.064806	-0.345581	-0.936148	73.513306	-1226.895752	1804.699951
 589.940857	0.451729	-0.001769	-0.892153	-565.154724	975.743591	1804.699951
 552.714111	0.226038	0.463282	-0.856899	-314.783722	-1440.606323	1804.699951
 234.001419	-0.249223	0.403973	-0.880167	-794.895020	-971.307556	1804.699951
 479.149841	-0.113808	0.456191	-0.882574	147.432800	208.274384	1804.699951
 575.660034	0.051035	0.360212	-0.931473	-559.317322	801.800476	1804.699951
 674.545593	0.500039	-0.145167	-0.853749	616.698792	-97.229668	1804.699951
 490.400452	-0.493644	0.150347	-0.856569	-1127.878174	-208.291946	1804.699951
 711.423523	-0.420570	0.263830	-0.868052	-1167.430664	104.812378	1804.699951
 255.031708	0.437712	-0.182492	-0.880400	158.526306	-1409.722290	1804.699951
 333.340454	0.276809	0.242769	-0.929753	-655.746704	242.707520	1804.699951
 546.852417	-0.166660	0.421961	-0.891164	-422.506012	1283.426758	1804.699951
 542.623230	-0.177658	0.190097	-0.965557	-1258.371460	-389.811218	1804.699951
 300.541321	-0.045393	-0.394655	-0.917708	1257.464233	-47.439838	1804.699951
 576.582275	-0.345500	-0.363543	-0.865139	-671.113159	721.434753	1804.699951
 303.112823	0.144123	-0.295427	-0.944432	759.775513	-473.774963	1804.699951
 390.921844	0.130816	-0.139061	-0.981605	1489.771729	-55.620338	1804.699951
 605.604553	-0.112272	-0.249716	-0.961789	-911.738831	274.737152	1804.699951
 310.111725	-0.623380	-0.098864	-0.775644	-404.933838	-820.286255	1804.699951
 630.322327	0.000643	-0.277492	-0.960728	437.242737	968.723328	1804.699951
 312.216125	-0.046970	0.361882	-0.931040	-1354.151123	-675.342834	1804.699951
 493.207092	-0.318342	-0.108122	-0.941790	142.929825	-643.774048	1804.699951
 477.920288	0.464850	-0.011828	-0.885310	-949.840027	-389.895233	1804.699951
 660.704834	0.214098	0.289427	-0.932949	517.105652	-596.624329	1804.699951
 315.313141	0.072280	0.040437	-0.996564	-302.924988	1137.748535	1804.699951
 649.513367	0.452584	-0.308089	-0.836809	275.986633	1158.036499	1804.699951
 577.400696	0.203058	0.483374	-0.851538	1434.484985	-239.556427	1804.699951
 571.224854	0.350578	-0.095859	-0.931615	-611.214539	-409.650696	1804.699951
 552.916626	0.057763	0.497087	-0.865776	-13.661352	-410.843018	1804.699951
 375.222534	-0.324424	-0.281650	-0.903008	-260.374664	-479.552246	1804.699951
 583.635864	0.507333	0.030214	-0.861221	965.286621	-703.900818	1804.699951
 359.096130	-0.193700	-0.077369	-0.978005	1205.392822	-372.044464	1804.699951
 307.875610	-0.296523	0.506456	-0.809677	868.255127	1248.261230	1804.699951
 676.067200	-0.226950	-0.180574	-0.957020	-509.873871	1218.328857	1804.699951
 537.083191	-0.643760	0.255865	-0.721184	-906.706909	900.355835	1804.699951
 607.766968	-0.219649	-0.303085	-0.927305	-138.610947	-235.894424	1804.699951
 314.184143	-0.229299	0.319583	-0.919396	-1115.283813	181.320343	1804.699951
 609.401733	-0.155146	0.461124	-0.873667	1005.689209	290.924927	1804.699951
 361.098236	0.046370	0.494307	-0.868050	1413.972534	-59.603260	1804.699951
 313.488007	0.020201	0.308957	-0.950861	176.041306	861.272949	1804.699951
 576.068726	0.066709	-0.438124	-0.896436	1080.331055	10.944000	1804.699951
 684.071777	-0.247058	-0.045824	-0.967917	1240.502930	456.480927	1804.699951
 359.727936	0.477643	0.086224	-0.874313	-19.736752	-450.579468	1804.699951
 268.202759	-0.077813	0.329715	-0.940868	282.004761	-59.391090	1804.699951
 576.005920	-0.111916	-0.039712	-0.992924	-265.658417	-768.093384	1804.699951
 573.794983	-0.319605	-0.208122	-0.924412	-720.649048	826.589233	1804.699951
 374.194946	-0.175972	-0.441345	-0.879914	1377.045654	-666.380371	1804.699951
 640.613342	-0.096847	0.189828	-0.977029	-85.205200	-753.225464	1804.699951
 488.833496	-0.370133	-0.399438	-0.838720	-176.929718	-1099.260254	1804.699951
 527.458252	0.224495	0.002810	-0.974471	-720.710510	1306.059692	1804.699951
 311.418152	-0.168799	0.226090	-0.959370	265.401550	1317.639771	1804.699951
 452.664124	0.029716	0.107021	-0.993813	621.008057	438.227814	1804.699951
 475.870850	-0.136661	-0.350384	-0.926582	587.115051	148.453369	1804.699951
 595.605286	0.377284	0.150356	-0.913811	-1002.648499	747.606018	1804.699951
 627.264404	-0.166703	-0.250928	-0.953544	12.725571	-1069.425293	1804.699951
 585.533691	0.015446	-0.257167	-0.966243	470.172424	1236.493164	1804.699951
 493.110779	0.340242	-0.022792	-0.940062	-1139.176392	757.397034	1804.699951
 366.033875	0.074846	0.423816	-0.902651	624.172974	-81.341339	1804.699951
 708.920715	-0.236442	0.027952	-0.971243	-954.672180	-432.412994	1804.699951
 534.738159	-0.430582	-0.140988	-0.891472	472.487946	1146.276855	1804.699951
 336.343323	-0.198229	0.002289	-0.980153	-706.749817	-172.213455	1804.699951
 481.715820	-0.395381	-0.251199	-0.883500	1132.239014	-277.155914	1804.699951
 551.137634	-0.078612	0.469300	-0.879533	528.182617	-828.241394	1804.699951
 579.977844	-0.155298	-0.197556	-0.967912	-141.094482	1443.479248	1804.699951
 487.761810	-0.195867	-0.339797	-0.919877	-494.241211	-850.666992	1804.699951
 461.931641	0.016967	-0.478344	-0.878009	-641.115356	1301.861938	1804.699951
 597.863342	-0.206690	0.434240	-0.876764	-1337.542969	583.135498	1804.699951
 592.895203	0.169877	-0.346083	-0.922696	1284.123413	527.993713	1804.699951
 668.200500	-0.349248	-0.146457	-0.925514	389.832733	-969.075134	1804.699951
 572.483765	0.308569	-0.219196	-0.925602	799.073792	-619.261292	1804.699951
 589.726990	0.122836	-0.255663	-0.958930	854.314270	-384.302856	1804.699951
 662.536926	-0.067546	-0.365906	-0.928198	-459.041046	-766.141113	1804.699951
 677.226685	0.341599	0.193906	-0.919625	-235.328018	1109.245605	1804.699951
 281.148804	0.517686	-0.153951	-0.841606	-1107.234253	-399.358765	1804.699951
 482.086243	-0.373568	-0.218582	-0.901482	930.747131	-450.614868	1804.699951
 646.989990	0.224955	0.149751	-0.962793	-860.513306	-1123.599121	1804.699951
 722.756836	-0.340014	0.173126	-0.924347	28.099253	418.740936	1804.699951
 426.659882	0.334435	0.125243	-0.934060	-122.118317	932.790527	1804.699951
 714.572571	-0.058825	-0.272977	-0.960220	-768.452820	374.039825	1804.699951
 573.421631	-0.055810	0.163712	-0.984928	-575.819641	-888.178284	1804.699951
 467.355652	0.054176	0.142551	-0.988304	-846.023743	21.135191	1804.699951
 552.034058	-0.247416	0.136073	-0.959307	1163.618286	487.631805	1804.699951
 647.003540	-0.286875	-0.459711	-0.840457	-82.853157	805.465149	1804.699951
 562.165405	-0.507637	0.001526	-0.861570	-321.787201	-1202.744019	1804.699951
 665.608643	-0.242854	0.294818	-0.924178	-320.589630	771.604675	1804.699951
 315.887146	-0.349522	-0.276526	-0.895191	-387.249725	-1269.391724	1804.699951
 249.073395	0.311400	-0.395528	-0.864053	226.525986	-1284.297119	1804.699951
 292.905090	-0.085467	-0.131197	-0.987665	598.051208	-816.960083	1804.699951
 490.513916	-0.277031	-0.431178	-0.858685	-935.763062	-359.283905	1804.699951
 619.076538	-0.036367	0.158637	-0.986667	613.908081	-836.065308	1804.699951
 622.697449	0.395293	-0.139769	-0.907859	-523.260010	1412.724243	1804.699951
 262.694000	-0.094796	-0.218559	-0.971208	-516.674683	-1083.773438	1804.699951
 478.515656	-0.025185	-0.191571	-0.981156	-439.710205	60.742138	1804.699951
 471.977600	0.513993	0.003828	-0.857786	-1059.280884	-187.801086	1804.699951
 438.755035	0.065953	-0.408933	-0.910178	807.291870	363.853729	1804.699951
 355.062836	-0.175583	-0.046537	-0.983364	-460.483551	-266.654327	1804.699951
 637.627258	-0.437130	0.064133	-0.897109	1092.707031	99.923172	1804.699951
 332.741333	-0.059534	0.486037	-0.871908	1116.400513	897.440735	1804.699951
 495.163940	0.168636	0.438528	-0.882755	150.523819	164.804245	1804.699951
 541.331848	-0.749447	0.124392	-0.650274	-1336.928467	19.595556	1804.699951
 607.016113	0.363386	0.037427	-0.930887	531.014038	545.971558	1804.699951
 493.436676	-0.306996	0.346822	-0.886266	-1340.139893	-399.380890	1804.699951
 560.547729	-0.466787	-0.062413	-0.882165	-15.062384	-91.358749	1804.699951
 230.379440	-0.126942	0.553283	-0.823264	319.080933	-574.590637	1804.699951
 646.502869	0.095350	0.122290	-0.987904	94.691238	-999.344910	1804.699951
 545.503357	-0.113191	-0.170224	-0.978883	-1012.223633	283.622681	1804.699951
 299.322449	0.688460	0.686177	-0.234912	1036.843384	902.331665	1804.699951
 285.803253	-0.125727	-0.455161	-0.881488	61.460228	-1037.462280	1804.699951
 674.340515	-0.162582	0.306463	-0.937895	690.431519	323.227325	1804.699951
 387.410461	-0.226099	0.316279	-0.921329	-154.974457	1239.170410	1804.699951
 421.667603	-0.295229	0.231057	-0.927067	37.864719	-1318.967651	1804.699951
 251.369537	0.122734	-0.163603	-0.978862	379.662933	-1454.655518	1804.699951
 493.970306	0.132593	0.442586	-0.886869	318.570343	-70.067108	1804.699951
 727.431091	-0.450458	-0.123201	-0.884256	-554.599792	439.885956	1804.699951
 300.818085	-0.142111	-0.297045	-0.944229	242.266785	-430.511292	1804.699951
 661.682495	-0.414910	0.108797	-0.903334	855.797058	-510.446289	1804.699951
 425.488159	-0.214648	-0.288120	-0.933227	450.260559	-628.296143	1804.699951
 455.926300	0.288235	-0.093388	-0.952995	-278.761993	534.925781	1804.699951
 493.112518	-0.440757	0.050340	-0.896214	210.206390	-125.741447	1804.699951
 462.141632	-0.241260	-0.323143	-0.915080	234.838562	54.216339	1804.699951
 485.555573	0.392291	0.109501	-0.913300	1101.234131	-601.946472	1804.699951
 442.681122	0.109149	0.090527	-0.989895	-368.859375	-851.219177	1804.699951
 412.759705	0.166539	0.271329	-0.947969	163.912766	-199.944901	1804.699951
 455.388580	0.358865	0.066140	-0.931043	-78.746864	596.326111	1804.699951
 527.469971	0.178713	0.030223	-0.983437	-205.007278	-997.802551	1804.699951
 547.198425	-0.234192	0.465557	-0.853470	2.882328	-626.047363	1804.699951
 245.875168	-0.124956	0.454278	-0.882053	249.723053	252.763870	1804.699951
 358.602081	-0.354470	-0.296065	-0.886959	305.617523	-1200.692261	1804.699951
 389.997864	-0.557627	-0.227637	-0.798269	-1160.620972	-746.657471	1804.699951
 583.269531	-0.102474	-0.504472	-0.857326	275.716217	227.017975	1804.699951
 611.011597	0.276097	0.293450	-0.915236	479.154419	537.559937	1804.699951
 324.748840	0.276295	-0.006790	-0.961049	755.537781	-46.673779	1804.699951
 664.388916	-0.020204	-0.107898	-0.993957	-469.797150	1206.744873	1804.699951
 619.191589	0.296187	0.155585	-0.942373	-199.740555	-23.596584	1804.699951
 332.925781	-0.379253	0.049115	-0.923989	-721.103149	891.544617	1804.699951
 276.700989	-0.014696	0.243159	-0.969875	1247.866211	512.829956	1804.699951
 530.237671	-0.499188	0.653401	-0.569103	-604.408447	1072.343018	1804.699951
 673.517334	0.485950	-0.146120	-0.861685	317.351227	752.413147	1804.699951
 653.411621	-0.469459	0.325579	-0.820735	937.660278	-1284.138306	1804.699951
 551.642273	-0.013564	-0.334240	-0.942390	351.106781	-337.236938	1804.699951
 529.188782	0.037940	0.293532	-0.955196	58.008430	1487.195923	1804.699951
 292.587585	0.317891	0.290409	-0.902556	-734.019836	-830.422974	1804.699951
 528.384521	0.162049	-0.280565	-0.946057	-228.607040	-34.172028	1804.699951
 556.971619	0.452897	0.214399	-0.865400	-44.970249	1309.148804	1804.699951
 676.943909	-0.294774	-0.242041	-0.924405	-720.223083	-1055.591309	1804.699951
 517.826355	-0.092882	0.387775	-0.917062	979.444275	-454.425110	1804.699951
 335.751709	0.090563	0.231962	-0.968500	802.577026	964.642212	1804.699951
 423.843201	-0.162500	-0.340708	-0.926019	357.930237	1402.236694	1804.699951
 246.704727	0.249549	0.192407	-0.949055	-588.349792	1232.977295	1804.699951
 470.920166	0.468960	-0.073513	-0.880155	323.517792	723.707275	1804.699951
 335.575226	0.200434	-0.086685	-0.975865	636.694946	638.204651	1804.699951
 535.359802	-0.154322	0.318929	-0.935130	-508.301453	-206.773285	1804.699951
 439.948486	-0.302442	0.432198	-0.849549	88.498795	1431.007812	1804.699951
 713.603699	0.005662	-0.083543	-0.996488	102.949272	1064.839966	1804.699951
 437.892090	-0.246977	-0.165238	-0.954829	458.809753	-1008.150635	1804.699951
 684.862671	0.351400	0.068596	-0.933709	-462.646423	-663.941223	1804.699951
 502.265472	-0.315391	0.158571	-0.935620	332.111328	-1208.265869	1804.699951
 649.839966	-0.477637	-0.124381	-0.869708	1283.903809	-778.018616	1804.699951
 615.196411	0.010781	0.517018	-0.855907	911.142517	974.408508	1804.699951
 316.016907	0.102309	0.299620	-0.948557	-1282.185791	-877.154602	1804.699951
 748.557739	-0.002559	0.273836	-0.961773	196.543121	158.317886	1804.699951
 359.446350	0.472622	0.143986	-0.869423	-981.488464	961.775879	1804.699951
 592.510010	-0.485049	-0.208750	-0.849206	825.486511	-742.596436	1804.699951
 445.278473	-0.201212	0.214477	-0.955779	-110.087662	887.768616	1804.699951
 497.687408	-0.255073	0.366665	-0.894704	-227.737152	1023.517212	1804.699951
 449.324524	0.145841	-0.031202	-0.988816	506.684814	-565.938416	1804.699951
 693.671265	-0.205984	0.010331	-0.978501	510.135040	993.484131	1804.699951
 527.852051	0.209611	-0.426889	-0.879675	883.571716	1063.324097	1804.699951
 409.435852	0.101155	-0.150529	-0.983417	-804.248657	607.436584	1804.699951
 372.639526	0.412155	0.202120	-0.888412	568.478149	1150.201416	1804.699951
 726.782043	-0.491219	0.066714	-0.868478	465.544800	-116.880165	1804.699951
 268.924683	0.550380	-0.232626	-0.801852	1356.116943	-597.331482	1804.699951
 706.140869	0.362479	-0.179044	-0.914633	258.783844	1226.567749	1804.699951
 656.313477	0.492733	0.074255	-0.867007	-251.371201	63.956646	1804.699951
 708.014465	-0.333567	0.170667	-0.927149	89.599358	59.158649	1804.699951
 464.716919	0.031296	0.334079	-0.942026	-1174.210693	389.526031	1804.699951
 357.379272	0.557747	-0.042633	-0.828915	1221.060791	95.925003	1804.699951
 461.410614	-0.217452	-0.568396	-0.793499	-1443.244141	-458.239777	1804.699951
 268.707153	-0.035971	0.016452	-0.999217	-974.323486	329.555786	1804.699951
 427.888336	-0.180369	-0.020406	-0.983387	892.728577	-689.594177	1804.699951
 410.154083	0.118072	-0.430354	-0.894905	233.684219	121.506577	1804.699951
 253.479553	0.401516	-0.574106	-0.713574	910.235535	-1179.459839	1804.699951
 686.824158	-0.056026	0.054921	-0.996918	185.820587	397.521057	1804.699951
 272.202667	-0.110459	0.487048	-0.866362	500.595184	1273.110718	1804.699951
 307.450745	-0.143640	0.444380	-0.884248	987.938477	44.775867	1804.699951
 284.005066	-0.080588	0.152592	-0.984998	661.172852	-1026.338013	1804.699951
 660.709961	-0.444594	-0.112191	-0.888678	274.170654	45.653664	1804.699951
 358.130920	0.130572	-0.049226	-0.990216	782.304260	-964.878723	1804.699951
 427.042877	0.160418	0.429915	-0.888504	1354.464600	275.487518	1804.699951
 250.406784	0.366166	0.150414	-0.918313	1509.301025	-34.245346	1804.699951
 658.160339	-0.287264	0.117325	-0.950639	598.087097	-117.148064	1804.699951
 531.367432	-0.319135	-0.376291	-0.869804	-738.562683	1288.262817	1804.699951
 332.898163	0.257638	-0.085389	-0.962461	-344.171173	732.863464	1804.699951
 395.696777	-0.171598	0.354835	-0.919046	556.670227	-1063.875977	1804.699951
 682.509399	-0.203415	0.420045	-0.884412	45.286919	-654.588196	1804.699951
 275.693512	-0.037743	-0.188616	-0.981325	-824.406372	-368.843750	1804.699951
 365.442261	-0.149166	-0.038437	-0.988065	-1260.207275	367.413116	1804.699951
 458.315369	0.288119	-0.216302	-0.932845	-356.669739	-346.376068	1804.699951
 291.544678	-0.287815	-0.275919	-0.917077	1116.438232	960.728882	1804.699951
 549.922974	0.026192	-0.539782	-0.841397	-935.355286	-98.588234	1804.699951
 640.189148	0.391182	0.256330	-0.883896	336.558838	982.890747	1804.699951
 692.366516	-0.266643	-0.412834	-0.870902	689.010132	242.586029	1804.699951
 410.163513	-0.412249	-0.180440	-0.893024	454.077393	-767.664734	1804.699951
 423.855896	-0.213946	0.198704	-0.956423	-939.136719	655.911987	1804.699951
 211.811691	-0.387370	-0.623117	-0.679463	-289.576202	-1267.645752	1804.699951
 666.489746	-0.294702	-0.199646	-0.934501	799.656616	-424.345123	1804.699951
 506.870392	0.212879	-0.096699	-0.972282	113.780365	-694.033264	1804.699951
 302.984100	-0.329246	0.271332	-0.904420	896.683044	-1426.244385	1792.341797
 242.178146	0.098108	0.444007	-0.890636	632.035156	-677.654785	1804.699951
 342.935028	-0.112612	0.228812	-0.966935	-941.497498	-1090.474609	1804.699951
 631.422180	0.205056	0.190998	-0.959933	-111.382195	-1446.591797	1804.699951
 372.623840	-0.456677	0.140169	-0.878521	291.788300	533.693481	1804.699951
 278.460999	-0.096199	-0.070045	-0.992894	193.971985	-950.821167	1804.699951
 350.647217	0.220014	0.233544	-0.947128	730.456116	764.339050	1804.699951
 451.581116	0.050943	0.444595	-0.894282	-1187.873291	669.202332	1804.699951
 586.180237	0.045240	0.089227	-0.994983	277.205200	-38.322018	1804.699951
 374.343170	-0.241478	0.012027	-0.970332	1059.723145	803.233154	1804.699951
 504.863434	-0.262031	-0.377728	-0.888066	-1337.433838	695.181152	1804.699951
 425.161743	0.137800	-0.488731	-0.861483	1200.361938	462.163696	1804.699951
 449.494812	-0.055549	-0.052404	-0.997080	1335.895020	-268.131683	1804.699951
 585.850830	0.398791	0.194501	-0.896178	-568.125427	1287.396362	1804.699951
 302.796265	0.006280	0.226347	-0.974027	237.913483	139.359116	1804.699951
 470.802185	-0.268793	0.277185	-0.922453	-1020.473694	-869.088684	1804.699951
 681.576599	-0.009924	0.342130	-0.939600	121.427650	-1465.001587	1804.699951
 519.114441	0.433693	-0.072550	-0.898135	754.950073	71.311111	1804.699951
 410.423187	0.232617	0.343235	-0.909989	-235.258041	-1413.512085	1804.699951
 697.295288	-0.171060	0.400757	-0.900074	274.852478	671.882935	1804.699951
 353.700195	0.291009	-0.050994	-0.955360	-687.768066	944.549683	1804.699951
 454.653717	0.029170	-0.000024	-0.999574	315.521118	-554.060974	1804.699951
 622.684326	0.149672	0.309238	-0.939133	377.852020	-194.907120	1804.699951
 317.171997	-0.357757	-0.537387	-0.763692	571.765747	255.557571	1804.699951
 351.334534	-0.204517	-0.273147	-0.939981	404.932312	-481.446014	1804.699951
 634.846558	-0.262680	0.298626	-0.917509	-866.373901	-833.910767	1804.699951
 325.623962	-0.172207	0.230405	-0.957736	-602.655212	314.222168	1804.699951
 717.986450	-0.349290	-0.079943	-0.933598	677.651489	641.728699	1804.699951
 587.685364	0.126076	0.267859	-0.955174	-1099.786499	-717.510193	1804.699951
 651.719238	-0.361358	0.322134	-0.875015	-529.208496	-145.929413	1804.699951
 661.066589	-0.296169	-0.287514	-0.910835	-582.460815	-1087.485352	1804.699951
 638.800842	0.497783	0.086724	-0.862955	55.429695	-1071.756104	1804.699951
 528.059631	0.369573	-0.254948	-0.893542	-675.916504	151.480988	1804.699951
 319.919647	0.250431	0.041370	-0.967250	-184.080215	544.942810	1804.699951
 642.697693	0.165426	-0.071445	-0.983631	-465.344849	336.408966	1804.699951
 629.433899	0.093542	0.207503	-0.973752	223.485962	-1395.182617	1804.699951
 275.065613	-0.435651	-0.118442	-0.892289	-475.242645	1436.666992	1804.699951
 454.359314	-0.302197	-0.311426	-0.900939	135.580215	-704.077881	1804.699951
 398.773254	-0.381168	0.051263	-0.923084	499.132111	-744.463745	1804.699951
 422.503510	-0.151802	0.027636	-0.988024	-725.558472	-488.012360	1804.699951
 567.427612	-0.059894	-0.374796	-0.925171	-727.723083	511.538818	1804.699951
 215.019608	0.363858	0.056339	-0.929749	26.760056	-1067.390381	1804.699951
 701.638184	-0.096690	0.001116	-0.995314	21.015944	1168.797363	1804.699951
 552.061157	0.282360	-0.172052	-0.943754	738.508423	-122.708496	1804.699951
 314.540405	0.101009	-0.474475	-0.874455	442.230682	271.199768	1804.699951
 452.226990	0.369155	0.059667	-0.927451	-115.892593	256.275146	1804.699951
 560.483887	0.026562	0.171803	-0.984773	590.115173	542.535706	1804.699951
 466.314056	0.459300	0.012292	-0.888196	801.970093	-1229.733887	1804.699951
 590.087524	0.134904	0.300968	-0.944044	-1025.381226	567.703552	1804.699951
 389.295166	0.233320	-0.318043	-0.918918	-1449.651733	-39.321510	1804.699951
 524.477173	-0.162187	0.317154	-0.934403	-519.797913	-1315.878174	1804.699951
 308.202240	0.192178	-0.120151	-0.973977	-720.175720	-1239.347046	1804.699951
 667.501587	-0.089673	-0.371528	-0.924081	564.378723	1127.102661	1804.699951
 347.714081	-0.421368	-0.198521	-0.884895	979.572144	-786.080566	1804.699951
 457.706451	-0.336785	-0.258111	-0.905513	-1297.533691	-115.604553	1804.699951
 355.211639	0.319709	0.294764	-0.900500	-81.636787	627.278870	1804.699951
 392.087433	0.132343	0.035435	-0.990571	-1398.735962	-660.001099	1804.699951
 519.476868	-0.078205	-0.292480	-0.953068	382.053467	129.421982	1804.699951
 581.496460	-0.096436	-0.472061	-0.876275	-200.426117	414.317078	1804.699951
 638.668823	-0.341507	0.162071	-0.925800	-117.800636	1236.605469	1804.699951
 209.299210	-0.542716	-0.031908	-0.839310	991.742859	-820.491638	1804.699951
 261.943115	-0.258252	-0.337333	-0.905269	569.511292	-940.037720	1804.699951
 624.932678	-0.353358	0.178742	-0.918253	-118.260979	1136.080078	1804.699951
 397.518433	0.480692	0.118187	-0.868888	-468.787476	-1226.648560	1804.699951
 502.483398	0.220327	-0.320340	-0.921324	5.753902	-388.898376	1804.699951
 682.427429	-0.081617	-0.454626	-0.886935	-205.052612	-526.775574	1804.699951
 371.591339	-0.421668	-0.178747	-0.888957	-1211.431885	-395.182068	1804.699951
 307.647339	-0.094709	0.196656	-0.975888	201.031754	-1446.151001	1804.699951
 389.845245	0.098882	0.000872	-0.995099	1334.053223	-10.135859	1804.699951
 455.078857	-0.231357	0.361594	-0.903174	347.574921	569.521606	1804.699951
 506.458344	0.261007	0.395792	-0.880468	-904.031921	887.753906	1804.699951
 251.080582	-0.236693	0.257218	-0.936918	-427.180634	646.829651	1804.699951
 432.242554	-0.164483	0.216399	-0.962350	-370.071167	69.004524	1804.699951
 334.633759	0.097572	0.259361	-0.960839	-222.112213	-310.062927	1804.699951
 671.105347	-0.309622	0.030079	-0.950384	314.735962	-769.827637	1804.699951
 393.660126	-0.440522	-0.355974	-0.824150	-890.803040	1181.892334	1804.699951
 473.452606	0.392146	0.381992	-0.836842	680.850647	-1137.045776	1804.699951
 523.267700	-0.316204	0.039105	-0.947885	-686.264160	-1102.621460	1804.699951
 328.509918	-0.889392	-0.037920	-0.455570	-1204.754272	505.027252	1804.699951
 367.663452	-0.026642	0.329829	-0.943665	1071.960449	961.655762	1804.699951
 563.529480	-0.182159	0.437873	-0.880389	227.895172	7.176894	1804.699951
 345.480865	-0.647665	-0.558518	-0.518256	-498.682587	-1393.997192	1804.699951
 685.391357	-0.340760	0.293609	-0.893127	-98.905144	-943.863770	1804.699951
 520.375488	0.002690	-0.311468	-0.950253	-908.780823	580.055847	1804.699951
 570.493164	0.135504	-0.039639	-0.989984	-373.519165	1374.447998	1804.699951
 416.929993	-0.347887	-0.388972	-0.853039	-1085.339844	960.627563	1804.699951
 472.008209	0.214773	0.480719	-0.850166	-803.772339	-364.220673	1804.699951
 586.780212	-0.290276	0.397851	-0.870318	-449.800385	-1135.979492	1804.699951
 428.353821	0.077725	-0.428716	-0.900090	-418.609924	-238.746063	1804.699951
 502.159180	-0.370128	0.254554	-0.893424	16.821997	-1293.377563	1804.699951
 460.777100	-0.321012	-0.381599	-0.866795	-32.753548	-999.418274	1804.699951
 332.353424	-0.159422	0.253430	-0.954127	-2.460314	-1344.549072	1804.699951
 451.997437	0.009281	0.290508	-0.956828	878.616089	-52.294636	1804.699951
 694.617310	-0.371457	0.233813	-0.898527	1148.751099	80.435478	1804.699951
 602.587524	0.471041	-0.102938	-0.876085	-110.299500	1120.124390	1804.699951
 415.115234	0.262617	-0.216281	-0.940348	-913.463135	1167.708496	1804.699951
 677.959473	0.284891	0.182756	-0.940977	-227.092880	831.134033	1804.699951
 227.027054	-0.530100	-0.356799	-0.769213	1066.386230	-678.299561	1804.699951
 391.428192	0.066102	0.432901	-0.899015	1139.380859	664.543091	1804.699951
 477.195770	-0.008638	0.278506	-0.960396	-162.465881	1043.940552	1804.699951
 195.510956	0.020116	-0.248446	-0.968437	-337.788116	-5.965280	1804.699951
 228.688843	0.194569	-0.499351	-0.844270	-768.368958	-822.538635	1804.699951
 587.725098	0.017238	-0.193299	-0.980988	857.449829	982.745178	1804.699951
 382.689178	-0.315273	-0.247122	-0.916261	-617.367676	115.327919	1804.699951
 526.767700	0.132207	0.234750	-0.963023	-1219.775391	205.052902	1804.699951
 732.020508	0.267857	-0.197643	-0.942969	-196.970383	-348.585419	1804.699951
 571.654480	-0.365772	0.707746	-0.604406	-300.164490	1178.619995	1804.699951
 568.515747	0.265463	0.103395	-0.958561	11.097117	-982.979187	1804.699951
 441.242737	0.476557	-0.071512	-0.876231	374.907501	-738.982971	1804.699951
 596.069397	-0.504400	0.144068	-0.851366	-332.473633	-299.333099	1804.699951
 465.060974	0.308355	-0.009226	-0.951227	150.580994	-1524.199585	1804.699951
 223.478241	0.183636	-0.523121	-0.832239	257.575012	710.613953	1804.699951
 295.124847	-0.223256	-0.259366	-0.939620	419.368744	-112.926125	1804.699951
 540.119751	0.354871	-0.043271	-0.933913	1241.111450	127.400421	1804.699951
 723.404968	-0.095360	0.053485	-0.994005	406.582520	895.616028	1804.699951
 351.005737	0.188600	0.065051	-0.979897	-647.258423	-154.626572	1804.699951
 348.005920	0.157100	-0.510211	-0.845579	-1041.765381	-177.207428	1804.699951
 571.905945	0.048874	-0.220151	-0.974241	-499.696136	-1051.813354	1804.699951
 475.187531	-0.123448	-0.120141	-0.985052	614.482727	-1189.569580	1804.699951
 542.017639	0.134171	-0.017979	-0.990795	1353.683594	-20.032415	1804.699951
 213.770355	0.300797	0.140254	-0.943318	-536.416382	-1362.815186	1804.699951
 407.247864	0.012044	-0.219680	-0.975498	1473.803589	-206.876251	1804.699951
 695.552002	0.234738	-0.361434	-0.902365	1187.160522	-233.136902	1804.699951
 263.352295	0.092502	0.284427	-0.954225	-1317.902954	-346.114685	1804.699951
 606.010010	-0.181824	-0.331610	-0.925729	-1305.936279	659.999207	1804.699951
 700.704468	0.336615	-0.138964	-0.931332	-580.333679	533.387451	1804.699951
 306.403870	0.301787	-0.497680	-0.813166	199.162338	-1199.244263	1804.699951
 355.005890	0.129814	0.426452	-0.895146	546.758240	414.516357	1804.699951
 564.736267	-0.450321	-0.273937	-0.849806	39.815376	680.126465	1804.699951
 415.190308	-0.023492	0.204558	-0.978572	-621.762024	1374.277954	1804.699951
 701.637817	-0.224576	-0.148172	-0.963126	107.461884	-388.944122	1804.699951
 322.398926	-0.287493	0.142343	-0.947146	-184.700455	-537.001587	1804.699951
 607.166748	0.333592	-0.168534	-0.927531	-251.620911	92.706436	1804.699951
 647.746704	0.132977	-0.002624	-0.991116	267.540710	-1369.881470	1804.699951
 452.277618	0.393635	0.266416	-0.879815	-25.494579	509.357422	1804.699951
 199.440857	-0.245142	-0.593938	-0.766253	-636.657593	-544.934631	1804.699951
 279.076660	0.000653	0.578413	-0.815744	312.709473	-1535.467773	1804.699951
 667.883179	-0.118741	-0.232277	-0.965375	-39.402557	73.349648	1804.699951
 514.412354	-0.198615	0.528914	-0.825107	990.305481	-984.712219	1804.699951
 689.321716	0.117462	-0.451263	-0.884627	-852.742798	844.746704	1804.699951
 313.992554	0.356463	-0.766339	-0.534470	483.963959	-1204.984009	1804.699951
 588.949341	-0.395862	0.026556	-0.917926	173.994003	456.221619	1804.699951
 527.660828	-0.101893	-0.378599	-0.919935	-121.552917	63.530006	1804.699951
 490.728424	-0.092739	-0.203249	-0.974725	-197.988434	-626.206787	1804.699951
 523.730469	0.161736	0.297631	-0.940881	-798.992371	-999.086731	1804.699951
 706.049011	0.266508	-0.026484	-0.963469	116.180244	-270.117157	1804.699951
 258.299194	-0.347112	0.475842	-0.808139	-651.864136	297.643005	1804.699951
 357.929291	-0.382252	0.335498	-0.861002	-548.915710	237.559860	1804.699951
 375.896881	0.404514	0.305575	-0.861970	-281.927460	710.225586	1804.699951
 732.437805	-0.358752	0.020577	-0.933206	887.993774	-248.687836	1804.699951
 486.793762	-0.865551	0.495988	0.069400	0.000000	0.000000	0.000000
 442.074127	0.066198	-0.339974	-0.938102	-590.455322	-1062.685303	1804.699951
 614.765076	-0.082413	-0.105882	-0.990958	408.042023	44.822144	1804.699951
 544.505310	-0.622800	-0.226860	-0.748769	-1292.727051	745.919678	1804.699951
 467.761230	0.359448	-0.325832	-0.874431	-386.314636	-961.698181	1804.699951
 261.570282	0.165858	-0.301989	-0.938772	-816.168335	212.215240	1804.699951
 214.489899	0.063527	-0.276603	-0.958882	94.631401	305.065308	1804.699951
 573.770630	0.282873	0.234290	-0.930103	97.286507	1382.825928	1804.699951
 529.530640	-0.505040	-0.109006	-0.856185	-996.794373	-236.935181	1804.699951
 622.763794	-0.218529	0.441326	-0.870331	-1056.127563	885.647156	1804.699951
 222.279099	-0.160306	0.502155	-0.849790	-293.141693	578.751038	1804.699951
 479.376740	0.156567	-0.411452	-0.897883	784.695007	85.360626	1804.699951
 273.848755	0.207392	0.110567	-0.971990	-303.240448	-1309.681763	1804.699951
 516.851807	-0.173879	0.063316	-0.982730	1340.760742	-385.258972	1804.699951
 581.764282	-0.197128	-0.771527	-0.604886	436.451782	-1212.031128	1804.699951
 637.855164	0.252813	-0.276346	-0.927210	-242.194321	-1376.287598	1804.699951
 332.073425	-0.225931	-0.294113	-0.928683	163.617004	-55.696423	1804.699951
 621.515808	-0.212779	0.356789	-0.909630	339.182709	82.124634	1804.699951
 606.065430	0.128621	0.436434	-0.890496	-1224.005493	-627.888855	1804.699951
 320.705688	-0.309302	0.114249	-0.944076	-538.645203	-1040.705200	1804.699951
 632.300171	-0.114432	0.651293	-0.750148	-301.776459	1190.354492	1804.699951
 678.480652	-0.399585	-0.156826	-0.903182	56.320522	691.992920	1804.699951
 499.870209	0.085719	-0.476601	-0.874931	-987.667847	-863.504089	1804.699951
 564.663452	-0.424513	-0.312670	-0.849721	1366.077759	-82.804047	1804.699951
 431.675507	-0.234661	0.350514	-0.906683	670.624329	-1209.326660	1804.699951
 344.574036	-0.270742	-0.243869	-0.931250	-742.743896	1011.949280	1804.699951
 671.095032	-0.511674	0.076917	-0.855730	587.336548	-493.095306	1804.699951
 580.570312	0.104136	-0.188822	-0.976474	785.038330	-776.458679	1804.699951
 703.211426	-0.286342	-0.176927	-0.941650	-1201.045898	-140.617828	1804.699951
 648.257690	-0.132170	0.252874	-0.958429	-1205.738403	190.397736	1804.699951
 447.420227	0.065546	-0.339958	-0.938154	-1349.849609	324.556763	1804.699951
 563.624939	0.217143	0.110095	-0.969911	644.094299	-1003.638367	1804.699951
 645.234985	0.015615	-0.402457	-0.915305	476.353973	-701.346497	1804.699951
 520.942871	-0.440855	-0.169846	-0.881362	-551.516541	1229.527710	1804.699951
 525.645020	0.053424	-0.232175	-0.971206	-553.742249	1386.403564	1804.699951
 430.519135	0.462909	-0.087152	-0.882111	1181.346802	-714.772095	1804.699951
 516.703613	-0.372066	-0.274632	-0.886648	376.156921	-1009.763184	1804.699951
 371.877960	-0.399358	0.264008	-0.877959	605.480835	296.849945	1804.699951
 600.037659	0.345079	-0.121257	-0.930708	-918.255920	-810.134521	1804.699951
 337.091553	-0.388657	0.129150	-0.912286	-902.125488	-939.591370	1804.699951
 327.931671	-0.041757	-0.119658	-0.991937	-329.395874	-1435.931641	1804.699951
 349.128815	0.343143	0.014437	-0.939172	333.039551	1095.851074	1804.699951
 453.675537	-0.488612	-0.180124	-0.853706	594.048157	-1052.746338	1804.699951
 629.807617	-0.303630	-0.219930	-0.927060	718.653320	1239.613281	1804.699951
 668.793823	-0.341344	0.259752	-0.903334	-876.732971	297.395477	1804.699951
 378.892395	-0.096963	-0.379354	-0.920157	508.989410	-666.490845	1804.699951
 438.357605	0.467877	-0.007165	-0.883764	-785.714783	345.389832	1804.699951
 355.076141	0.267687	0.235802	-0.934206	158.935501	-264.874573	1804.699951
 262.932739	-0.567126	0.551332	-0.611883	-1581.739014	92.467781	1804.699951
 623.711487	-0.450338	-0.139867	-0.881835	1470.150635	-9.097287	1804.699951
 306.668701	-0.261187	0.100503	-0.960042	471.061340	231.391800	1804.699951
 615.668945	-0.353346	-0.151646	-0.923120	-291.462799	-657.658447	1804.699951
 348.801453	-0.205838	0.440273	-0.873951	-363.146637	-1475.447876	1804.699951
 510.997986	-0.499380	-0.037824	-0.865557	-791.729675	879.498169	1804.699951
 551.006836	-0.376826	-0.310322	-0.872756	854.962769	-488.116760	1804.699951
 385.012360	0.325760	-0.157012	-0.932324	686.833008	847.180115	1804.699951
 265.404968	0.412606	-0.093658	-0.906082	892.742615	-134.252716	1804.699951
 314.767548	0.517341	-0.011682	-0.855700	-987.902405	1064.630859	1804.699951
 327.323578	-0.681477	-0.434548	-0.588861	-518.042236	-1338.267090	1804.699951
 634.936096	-0.094500	0.102733	-0.990210	-403.661469	1092.978271	1804.699951
 327.527130	-0.262888	-0.058245	-0.963067	1115.337524	321.708160	1804.699951
 630.097900	0.481058	-0.031109	-0.876137	-816.169312	1241.991455	1804.699951
 497.667480	0.488632	0.225827	-0.842758	1198.443970	157.556427	1804.699951
 460.351624	0.205039	0.505470	-0.838128	-459.747650	501.605286	1804.699951
 576.249756	0.090111	-0.449061	-0.888946	341.130096	481.343109	1804.699951
 453.218994	-0.369936	0.316276	-0.873566	724.744690	-391.999847	1804.699951
 663.754211	0.272360	0.037251	-0.961474	152.205841	-856.573425	1804.699951
 240.295151	-0.416957	-0.482843	-0.770071	-935.013855	-795.796143	1804.699951
 371.685059	0.059491	-0.167991	-0.983992	-1416.255493	40.460052	1804.699951
 700.469604	-0.288894	-0.211919	-0.933612	-507.411072	371.759125	1804.699951
 314.568237	-0.330504	-0.243636	-0.911816	33.944351	107.461082	1804.699951
 590.038086	-0.441400	0.000150	-0.897311	-439.893921	-742.160461	1804.699951
 512.700989	0.058715	-0.467888	-0.881835	696.478455	567.343872	1804.699951
 684.924561	-0.397180	0.247188	-0.883825	669.089661	928.652222	1804.699951
 662.316406	-0.146951	-0.075662	-0.986246	860.337280	716.953491	1804.699951
 307.065277	-0.142668	0.259507	-0.955145	9.094809	1161.878296	1804.699951
 458.331848	-0.472256	-0.034780	-0.880775	-975.561218	993.686401	1804.699951
 584.763855	0.020863	0.308010	-0.951154	345.262390	1447.151489	1804.699951
 645.893066	-0.082254	0.500343	-0.861912	1179.433838	606.325867	1804.699951
 425.356750	0.219598	0.186671	-0.957565	-82.897301	204.327698	1804.699951
 544.109070	0.275232	0.249007	-0.928570	490.003510	-321.794708	1804.699951
 579.039429	0.462891	-0.172220	-0.869524	-889.260925	993.408508	1804.699951
 711.497437	0.296284	-0.264617	-0.917711	276.448059	292.110657	1804.699951
 538.793030	-0.230262	-0.180264	-0.956287	251.129410	1357.850464	1804.699951
 514.778870	0.105734	-0.474797	-0.873721	924.617371	605.282349	1804.699951
 657.111450	0.037160	-0.013841	-0.999214	-1101.499756	-187.400253	1804.699951
 512.193481	-0.181814	0.333384	-0.925094	337.517975	1278.850098	1804.699951
 553.943054	-0.223119	-0.353062	-0.908606	-303.267365	1362.339722	1804.699951
 298.476105	0.243262	-0.357773	-0.901566	373.541138	-597.450256	1804.699951
 593.400208	0.127485	0.367986	-0.921050	166.284348	821.296631	1804.699951
 631.492737	-0.177244	0.307048	-0.935043	-624.102112	-1004.800598	1804.699951
 691.126831	0.478833	0.070007	-0.875110	-1075.510620	119.470818	1804.699951
 348.523285	-0.295936	0.355966	-0.886403	90.555885	484.618958	1804.699951
 609.104797	-0.379578	-0.254310	-0.889521	1432.567871	-139.726532	1804.699951
 710.059937	0.433713	0.098669	-0.895632	-185.913300	1372.764160	1804.699951
 647.460388	-0.045626	-0.056454	-0.997362	890.692871	137.899689	1804.699951
 477.319397	-0.083096	-0.101500	-0.991359	-944.105713	5.362106	1804.699951
 561.890625	0.147236	0.041031	-0.988250	15.546066	-23.554668	1804.699951
 294.007996	-0.154430	-0.471823	-0.868064	-260.843567	-24.558374	1804.699951
 537.445618	-0.042742	-0.511757	-0.858066	138.549469	-1375.008301	1804.699951
 583.741089	0.195516	-0.403835	-0.893695	-1226.642700	-51.786762	1804.699951
 629.440796	-0.055407	-0.001452	-0.998463	200.305649	-1280.829834	1804.699951
 389.250458	-0.229065	0.485828	-0.843505	-126.480888	1319.839600	1804.699951
 515.804443	0.325618	-0.211506	-0.921541	-737.200989	911.862183	1804.699951
 398.203094	-0.436211	-0.299797	-0.848435	183.265213	-49.150364	1804.699951
 568.336609	-0.011958	-0.387917	-0.921617	-834.257996	474.476837	1804.699951
 679.257629	0.429011	-0.006165	-0.903278	1247.865234	519.038330	1804.699951
 219.226944	0.742399	0.165268	-0.649254	-1031.480713	-875.418030	1804.699951
 427.670288	-0.328034	-0.223320	-0.917890	-304.439423	-1371.980347	1804.699951
 299.591919	0.020322	0.438055	-0.898718	1388.875244	-114.943344	1804.699951
 312.356903	-0.398534	-0.248695	-0.882792	798.573853	1373.793335	1804.699951
 415.790344	-0.098404	0.389974	-0.915553	-1157.517212	-849.647766	1804.699951
 478.114990	0.455570	-0.089365	-0.885703	-640.909851	-996.959106	1804.699951
 622.951965	-0.103267	0.531222	-0.840916	1140.410522	-213.007736	1804.699951
 655.499634	-0.249014	-0.391807	-0.885708	301.051544	456.199738	1804.699951
 537.725647	0.477767	-0.057078	-0.876630	-274.634033	-529.130554	1804.699951
 236.075531	-0.010378	0.168234	-0.985693	-1032.651489	617.823181	1804.699951
 462.202667	-0.233904	-0.637078	-0.734453	141.319183	-1253.402588	1804.699951
 504.126678	0.021768	-0.464135	-0.885497	-876.288635	679.750061	1804.699951
 591.686462	0.329300	-0.406730	-0.852134	-793.946716	-1038.667725	1804.699951
 417.701782	-0.535129	-0.199755	-0.820813	-869.757019	-881.725342	1804.699951
 448.604919	0.757610	0.399618	-0.516075	1332.112427	707.232361	1804.699951
 380.629272	-0.242576	0.012700	-0.970049	-185.711212	48.852139	1804.699951
 396.039307	0.297187	-0.114926	-0.947878	175.263199	-1429.640015	1804.699951
 579.368835	-0.185497	-0.241935	-0.952396	-76.328453	927.544434	1804.699951
 546.610962	-0.084610	-0.234801	-0.968354	352.133423	1405.855835	1804.699951
 268.835114	-0.074681	0.213446	-0.974096	-237.829514	-833.474243	1804.699951
 532.190125	-0.359881	-0.355119	-0.862772	-105.938934	909.319458	1804.699951
 402.845642	0.502705	-0.201415	-0.840666	-486.905975	79.746735	1804.699951
 319.631500	-0.188917	0.167378	-0.967623	280.529083	-1307.448486	1804.699951
 719.323181	-0.168778	-0.128427	-0.977252	-427.083038	-337.694153	1804.699951
 622.015198	-0.000553	0.029994	-0.999550	224.028015	-512.674561	1804.699951
 553.577454	-0.299376	0.472967	-0.828659	502.363373	1319.605225	1804.699951
 661.677124	-0.481310	-0.246344	-0.841223	-157.695129	270.743225	1804.699951
 491.156830	-0.412709	0.111795	-0.903976	-1199.703613	437.053436	1804.699951
 286.769897	-0.297401	0.386859	-0.872864	687.267456	810.604187	1804.699951
 603.782043	0.001528	-0.245097	-0.969498	647.421814	-58.623062	1804.699951
 231.593536	0.061550	0.454874	-0.888426	-1391.749146	63.060532	1804.699951
 658.211365	0.296458	0.080855	-0.951617	346.398804	-389.587067	1804.699951
 600.423523	0.143932	0.033316	-0.989027	922.768616	1119.997559	1804.699951
 381.490814	0.273009	-0.339428	-0.900142	-728.237366	-1292.386841	1804.699951
 414.660889	-0.158322	-0.216515	-0.963356	462.309387	-1064.173218	1804.699951
 609.480225	0.025096	0.281849	-0.959130	402.633057	-28.134205	1804.699951
 526.189087	-0.172103	-0.002363	-0.985076	-590.783142	387.727570	1804.699951
 397.257629	-0.150010	-0.479619	-0.864559	-1494.211548	147.517578	1804.699951
 519.974731	-0.181437	-0.823083	-0.538159	-44.169910	-1274.249268	1804.699951
 600.815369	-0.054756	0.279014	-0.958725	-1055.301758	143.124298	1804.699951
 517.679321	0.115412	0.088414	-0.989375	-844.492004	-1143.219482	1804.699951
 330.803558	-0.474593	0.078912	-0.876661	-781.290588	1006.150146	1804.699951
 724.866577	-0.006782	-0.089896	-0.995928	-311.995209	1185.572266	1804.699951
 347.937653	0.275144	-0.112277	-0.954825	-630.774536	414.254364	1804.699951
 577.425354	0.047606	-0.014880	-0.998755	822.709595	1118.401001	1804.699951
 353.581085	0.366755	-0.124856	-0.921901	-836.538208	-836.229614	1804.699951
 311.008636	0.021910	-0.643753	-0.764920	144.952026	-1439.813110	1804.699951
 345.917908	-0.486057	-0.759989	-0.431469	-366.036285	-1329.299438	1804.699951
 489.783905	-0.186617	-0.413872	-0.891002	-729.386902	-1206.226074	1804.699951
 519.612000	-0.308787	0.022915	-0.950855	1344.727295	-321.229187	1804.699951
 632.576599	-0.035200	-0.357736	-0.933159	1071.847412	117.135742	1804.699951
 319.588287	-0.173656	-0.100803	-0.979634	149.119873	1333.320801	1804.699951
 655.431335	0.119682	0.181619	-0.976059	-445.450165	-760.375793	1804.699951
 724.514282	-0.120497	-0.185009	-0.975322	357.290375	-292.202026	1804.699951
 500.044128	0.192310	-0.300179	-0.934296	-1286.753540	-73.579926	1804.699951
 654.198364	0.252955	-0.419306	-0.871892	527.370544	1052.169678	1804.699951
 294.639526	-0.079059	0.350200	-0.933332	325.817535	376.538269	1804.699951
 494.218231	-0.131318	0.314712	-0.940059	614.818115	-1329.810181	1804.699951
 348.007568	-0.001332	-0.629034	-0.777377	-849.852356	-1153.396973	1804.699951
 241.640396	-0.372039	-0.794391	-0.480136	-824.283081	-978.202393	1804.699951
 524.583740	-0.503623	-0.072806	-0.860850	-794.882263	1200.513306	1804.699951
 515.243347	-0.112408	-0.229288	-0.966846	-816.793213	-451.562134	1804.699951
 598.259583	0.148496	-0.195849	-0.969326	-295.890900	-17.928627	1804.699951
 626.278076	-0.394678	0.467611	-0.790929	517.979126	1394.849487	1804.699951
 565.438538	-0.220789	0.297146	-0.928954	1208.371216	34.087280	1804.699951
 287.959961	-0.018570	0.099413	-0.994873	-115.431183	406.587311	1804.699951
 619.473755	0.051885	0.290846	-0.955362	940.323364	198.281387	1804.699951
 272.277924	-0.173542	0.169596	-0.970114	-280.656372	-1083.388184	1804.699951
 576.637695	-0.139442	0.312484	-0.939633	-6.833845	754.815125	1804.699951
 456.496368	-0.043479	-0.803100	-0.594256	-473.547272	-1395.621460	1804.699951
 335.009857	0.271861	-0.390571	-0.879514	1407.766357	-112.051781	1804.699951
 380.055206	-0.012006	-0.272381	-0.962115	549.626404	910.268372	1804.699951
 530.269592	0.067098	0.451235	-0.889879	86.958130	-475.286194	1804.699951
 739.372314	0.035676	0.284791	-0.957925	-246.849609	-500.427673	1804.699951
 516.412292	-0.243801	-0.323348	-0.914334	933.072937	591.592285	1804.699951
 541.322571	-0.181280	0.333078	-0.925309	1162.419067	-921.266296	1804.699951
 541.808594	-0.363486	-0.171246	-0.915725	608.042480	-131.007751	1804.699951
 362.447784	-0.311535	-0.236117	-0.920432	-562.848999	814.714172	1804.699951
 615.692200	-0.474106	-0.177736	-0.862342	-18.909672	-992.903259	1804.699951
 470.093201	0.232126	0.228168	-0.945546	584.067993	-1232.029175	1804.699951
 648.689575	0.018773	0.521372	-0.853123	-128.094772	881.693787	1804.699951
 257.196991	-0.141303	-0.619366	-0.772282	641.451233	-340.854767	1804.699951
 687.401855	0.036838	-0.341833	-0.939039	152.795837	467.527679	1804.699951
 361.838226	-0.157913	0.086476	-0.983659	694.557434	885.778076	1804.699951
 595.906250	0.294098	-0.175891	-0.939451	236.206268	188.452286	1804.699951
 256.532166	-0.669066	-0.384143	-0.636227	-1259.674561	-351.206757	1804.699951
 558.180603	-0.191022	-0.335651	-0.922415	-1120.830200	943.620728	1804.699951
 434.254852	-0.301682	-0.198069	-0.932608	115.745590	1557.193237	1804.699951
 294.372345	-0.390800	-0.236131	-0.889673	411.190826	841.108643	1804.699951
 607.958618	-0.405960	-0.194579	-0.892936	-271.971069	-1347.476196	1804.699951
 706.686096	-0.300297	-0.102797	-0.948290	444.317596	1193.474731	1804.699951
 479.191650	0.363935	0.274692	-0.889997	661.987366	1240.130371	1804.699951
 677.035950	-0.107405	0.493251	-0.863231	1435.522827	-245.080856	1804.699951
 661.267822	-0.203690	-0.254661	-0.945335	-684.846924	-607.070251	1804.699951
 507.297028	-0.172542	-0.103721	-0.979526	-120.313652	1326.906128	1804.699951
 271.006439	0.028483	0.265963	-0.963562	1126.143188	66.401398	1804.699951
 477.553436	-0.208445	0.220384	-0.952881	666.180847	-1067.652588	1804.699951
 723.852356	-0.489363	0.160372	-0.857208	858.919128	93.361572	1804.699951
 539.475037	-0.108162	-0.471938	-0.874972	-1305.782104	-47.732368	1804.699951
 336.540100	0.301095	0.133437	-0.944212	-577.168884	496.356140	1804.699951
 428.594543	-0.119292	0.066046	-0.990660	769.901733	-769.903076	1804.699951
 412.850281	0.410095	-0.185478	-0.892984	59.715214	870.300293	1804.699951
 365.116852	0.071603	-0.239655	-0.968214	-1066.012939	30.912457	1804.699951
 538.493591	-0.490124	-0.194858	-0.849593	-75.144089	-479.533112	1804.699951
 529.302917	-0.212956	0.282989	-0.935183	-1041.860840	294.406006	1804.699951
 227.847519	-0.315789	0.375634	-0.871307	1054.837280	1021.394409	1804.699951
 479.532104	0.030507	-0.329104	-0.943801	-705.736877	-1016.773499	1804.699951
 594.362671	-0.114999	0.177811	-0.977322	754.695618	201.702454	1804.699951
 276.624115	0.135178	-0.233558	-0.962901	254.453308	-962.387817	1804.699951
 477.463867	-0.321899	0.115608	-0.939689	1102.318115	533.087219	1804.699951
 625.123840	-0.174886	-0.024357	-0.984287	681.096252	858.214661	1804.699951
 477.698425	0.410682	0.196723	-0.890303	-1180.711792	-281.034454	1804.699951
 666.325317	0.177863	0.057678	-0.982364	1334.925171	80.276421	1804.699951
 662.908630	0.180496	-0.144444	-0.972912	694.293518	1090.951660	1804.699951
 342.755188	-0.363662	-0.273402	-0.890506	1219.401245	373.364502	1804.699951
 306.196503	0.077125	0.094742	-0.992510	1206.886597	577.321045	1804.699951
 228.546753	0.031835	-0.502857	-0.863783	-1286.997925	821.110168	1804.699951
 345.853180	-0.235629	0.185403	-0.953994	867.890991	1120.683350	1804.699951
 228.981567	0.187058	0.047899	-0.981181	-168.745789	-391.176910	1804.699951
 627.881714	0.328164	-0.065365	-0.942357	-540.645996	-1223.288452	1804.699951
 421.785309	-0.137050	0.339189	-0.930682	-518.264282	431.284424	1804.699951
 323.858643	0.266862	-0.030864	-0.963241	1107.879517	-900.041199	1804.699951
 514.381470	-0.054407	0.418660	-0.906512	-829.706482	1002.633972	1804.699951
 221.459076	-0.177603	0.198459	-0.963883	-259.330811	-0.156918	1804.699951
 670.980957	-0.369394	-0.090709	-0.924835	-291.949860	895.130493	1804.699951
 428.600403	0.102531	-0.011055	-0.994668	-1157.350586	-17.431166	1804.699951
 303.153595	-0.426472	-0.076523	-0.901258	578.092346	-1259.702759	1804.699951
 339.621582	-0.234475	0.345446	-0.908674	1341.719116	-440.799286	1804.699951
 666.892700	0.273245	0.013646	-0.961848	-419.511536	-17.452427	1804.699951
 592.725830	-0.287577	0.092862	-0.953245	96.906609	927.417236	1804.699951
 449.027893	-0.338481	-0.198298	-0.919842	63.462868	817.143311	1804.699951
 408.958252	0.515642	-0.032233	-0.856198	-809.262329	-119.199524	1804.699951
 478.532959	0.106267	-0.362105	-0.926060	454.714691	-654.793762	1804.699951
 481.471893	-0.373180	-0.509461	-0.775362	-297.400696	-1346.951050	1804.699951
 328.494354	0.259676	-0.243203	-0.934570	560.433533	508.725006	1804.699951
 520.154907	-0.311834	-0.292334	-0.904047	-50.728962	1492.682861	1804.699951
 302.206116	-0.199670	0.369934	-0.907348	1290.906250	544.795776	1804.699951
 451.944794	0.221221	-0.427277	-0.876639	1022.410034	-778.259888	1804.699951
 655.926758	0.006947	-0.414718	-0.909923	-1032.814697	-849.415833	1804.699951
 400.971039	0.024702	-0.270858	-0.962302	1167.051147	486.783691	1804.699951
 524.844727	0.173941	-0.469347	-0.865713	271.111572	-1393.991577	1804.699951
 396.941376	-0.226801	-0.495472	-0.838492	1221.264526	-709.640442	1804.699951
 455.744995	0.243837	0.409412	-0.879162	1217.967285	118.474350	1804.699951
 527.903625	-0.273605	-0.359765	-0.892025	1396.527344	323.969727	1804.699951
 663.621155	-0.379042	-0.134282	-0.915585	-662.416809	-778.747986	1804.699951
 225.288727	-0.198201	-0.448633	-0.871461	-254.153458	463.912354	1804.699951
 347.869812	0.380954	0.093962	-0.919807	-219.142929	167.353165	1804.699951
 614.298401	0.321072	0.231191	-0.918402	550.967224	503.594086	1804.699951
 338.842529	0.230687	-0.395619	-0.888971	142.059708	280.711395	1804.699951
 276.690247	0.037795	-0.454686	-0.889849	815.191162	-461.837097	1804.699951
 620.191956	-0.102275	0.434022	-0.895078	171.555481	54.960972	1804.699951
 511.477448	-0.197832	-0.280591	-0.939218	-847.070740	-307.397888	1804.699951
 612.312805	0.245452	-0.126480	-0.961122	467.366821	-877.273071	1804.699951
 502.712769	0.345563	-0.414927	-0.841678	-253.506119	827.606262	1804.699951
 346.274963	0.024855	0.352425	-0.935510	1024.329712	165.188538	1804.699951
 311.308075	-0.109913	0.394316	-0.912378	-938.546143	302.468292	1804.699951
 385.391113	-0.354551	0.293922	-0.887639	466.068634	1380.032104	1804.699951
 286.293396	0.398995	0.105150	-0.910904	376.032074	-546.393677	1804.699951
 578.559937	0.071906	0.202567	-0.976625	1447.930542	408.481689	1804.699951
 310.836151	-0.428551	0.143742	-0.892010	-925.888916	306.941956	1804.699951
 443.045685	-0.278697	-0.017799	-0.960214	1164.916382	240.191452	1804.699951
 512.823059	-0.423898	-0.266203	-0.865706	-313.789490	608.448303	1804.699951
 537.739136	-0.354906	0.385643	-0.851658	-30.567970	593.724609	1804.699951
 573.224365	-0.365978	-0.224961	-0.903024	1147.549805	808.537476	1804.699951
 528.242004	-0.083620	-0.175929	-0.980845	-809.181641	289.441986	1804.699951
 683.391541	-0.393379	-0.336231	-0.855688	779.215881	970.464050	1804.699951
 368.202087	0.455556	-0.176144	-0.872606	1132.654297	572.557556	1804.699951
 589.583313	0.424191	-0.156911	-0.891875	139.357376	933.488525	1804.699951
 531.221436	-0.207066	0.262028	-0.942584	368.802765	-433.309509	1804.699951
 392.684723	-0.062146	0.263741	-0.962590	-629.614746	-459.717346	1804.699951
 654.578186	-0.322261	-0.436484	-0.840018	-1031.383301	-185.638062	1804.699951
 491.611298	-0.225201	0.459345	-0.859236	635.151794	-1115.788818	1804.699951
 627.006165	0.143292	-0.397010	-0.906560	-801.669678	-100.615440	1804.699951
 592.886597	0.196079	0.255915	-0.946605	458.664581	-1273.978760	1804.699951
 405.373779	-0.483234	-0.302610	-0.821530	-675.327209	187.773239	1804.699951
 629.160583	-0.365625	0.235929	-0.900364	799.480591	-487.726715	1804.699951
 323.049347	0.074726	-0.313381	-0.946683	-849.939697	429.946533	1804.699951
 318.753265	0.380084	-0.314041	-0.870009	-23.075272	999.977417	1804.699951
 663.165161	-0.077057	-0.483565	-0.871910	-600.787964	784.987305	1804.699951
 306.875000	0.042037	-0.123857	-0.991409	1275.722656	588.393799	1804.699951
 229.709152	0.021087	-0.436039	-0.899681	1049.975708	218.444427	1804.699951
 394.647736	0.279795	-0.101226	-0.954708	-703.996887	-923.631287	1804.699951
 617.359375	0.101496	-0.477782	-0.872596	301.172607	-152.188568	1804.699951
 710.041504	-0.263663	-0.026251	-0.964258	373.432465	1229.270142	1804.699951
 486.946838	-0.428935	-0.283894	-0.857566	-396.456360	-869.375916	1804.699951
 544.463989	0.363180	-0.048037	-0.930480	-40.510647	972.118042	1804.699951
 444.775513	0.426723	-0.108095	-0.897899	849.433594	-86.832741	1804.699951
 219.446930	-0.282233	0.039291	-0.958541	960.341370	628.476990	1804.699951
 453.735565	-0.146932	-0.352916	-0.924046	-44.022316	1056.681885	1804.699951
 521.140503	-0.213390	-0.191310	-0.958053	1353.190430	29.088768	1804.699951
 676.473022	-0.152091	0.411713	-0.898532	515.646545	-170.542511	1804.699951
 450.308533	-0.457809	0.133148	-0.879023	1456.037109	198.691406	1804.699951
 409.110840	-0.105472	0.374421	-0.921241	-302.650421	48.819366	1804.699951
 559.339905	0.064579	-0.204071	-0.976824	829.284729	-42.062645	1804.699951
 598.911682	-0.053895	0.419779	-0.906025	495.971283	671.974487	1804.699951
 531.120789	-0.064326	-0.427695	-0.901631	-551.631470	-1259.301880	1804.699951
 304.168823	0.511538	0.119007	-0.850979	-867.928528	-442.796509	1804.699951
 529.733093	-0.062567	0.423868	-0.903560	41.883347	-24.172710	1804.699951
 264.742126	0.084101	-0.227913	-0.970043	-1016.086853	933.431702	1804.699951
 459.210358	-0.468401	-0.123081	-0.874901	543.739136	137.519760	1804.699951
 693.751831	-0.186677	-0.039972	-0.981608	-495.068237	1329.369873	1804.699951
 651.844971	0.007155	-0.039740	-0.999184	1341.097168	-311.652710	1804.699951
 564.497437	-0.248776	-0.237256	-0.939053	-336.212433	-1034.652222	1804.699951
 240.369247	0.078781	0.359291	-0.929894	569.165344	-243.673706	1804.699951
 600.880859	-0.385604	-0.287306	-0.876792	-850.734619	612.335938	1804.699951
 613.072632	-0.826761	-0.151681	-0.541719	-1331.549194	127.196373	1804.699951
 264.024139	-0.368480	-0.548256	-0.750758	20.753538	-1023.524292	1804.699951
 459.723083	0.369720	-0.077137	-0.925936	825.348877	-821.876282	1804.699951
 665.079285	0.523584	0.015725	-0.851829	-263.734070	1337.240234	1804.699951
 698.940674	-0.279842	-0.245766	-0.928056	-192.549164	-634.564880	1804.699951
 322.764221	-0.025120	0.419841	-0.907250	28.001064	-1083.648193	1804.699951
 659.833191	-0.211487	-0.423454	-0.880886	-812.611938	825.642334	1804.699951
 220.179504	-0.293845	-0.107322	-0.949809	1068.639771	765.669250	1804.699951
 503.655457	-0.185454	0.681321	-0.708102	-229.351227	1293.429688	1804.699951
 702.693909	0.110780	-0.254341	-0.960749	-521.511902	-612.856995	1804.699951
 332.962250	0.035176	-0.287524	-0.957127	674.076294	1393.891724	1804.699951
 665.606750	-0.039228	-0.003192	-0.999225	-400.816376	1280.617920	1804.699951
 644.090759	0.482494	0.110611	-0.868887	-421.116180	482.661926	1804.699951
 509.210358	-0.040301	0.126608	-0.991134	-123.999100	-1054.908081	1804.699951
 419.199188	-0.370592	0.158428	-0.915184	-1291.733276	535.802124	1804.699951
 689.789734	-0.150594	-0.334170	-0.930404	841.980774	-705.027771	1804.699951
 650.028931	-0.256540	0.330854	-0.908143	-258.680450	935.576843	1804.699951
 384.497131	0.289220	-0.297027	-0.910015	-1016.156860	824.168701	1804.699951
 426.392365	-0.460796	-0.128892	-0.878097	745.895874	688.643250	1804.699951
 434.914398	0.254499	-0.098541	-0.962039	213.199402	-496.898193	1804.699951
 308.059509	0.030645	0.194269	-0.980470	735.490479	814.930786	1804.699951
 334.988495	0.371510	-0.094664	-0.923590	-470.533508	1188.276855	1804.699951
 422.022461	0.411880	0.137480	-0.900807	844.000977	866.924500	1804.699951
 588.483826	0.292576	-0.060351	-0.954336	-127.415894	749.739929	1804.699951
 593.222534	0.302796	0.063828	-0.950916	1397.693115	383.798126	1804.699951
 276.019928	-0.227499	0.359144	-0.905130	536.855225	29.003239	1804.699951
 287.414917	-0.357008	-0.480202	-0.801219	61.114094	-1375.609497	1804.699951
 515.611816	-0.140545	-0.280689	-0.949453	-1056.475098	-479.835388	1804.699951
 326.617798	-0.270653	0.205104	-0.940574	-389.490326	688.574524	1804.699951
 685.860718	-0.213445	0.353831	-0.910629	-716.030701	874.664795	1804.699951
 658.438904	-0.071763	0.174877	-0.981972	1574.350952	34.894299	1804.699951
 252.372986	0.029560	0.462772	-0.885984	-1126.441772	835.085083	1804.699951
 499.975922	-0.098130	0.410360	-0.906628	126.613388	-147.797470	1804.699951
 657.677856	0.137180	-0.196651	-0.970829	1183.585205	52.340778	1804.699951
 681.501343	-0.243646	-0.140190	-0.959679	-220.559113	772.625793	1804.699951
 697.808228	0.414324	-0.086103	-0.906048	-657.805115	767.378113	1804.699951
 370.710236	0.127953	0.107336	-0.985955	487.602997	-908.112915	1804.699951
 654.472168	0.207566	0.004105	-0.978213	471.982422	1204.583740	1804.699951
 356.768524	0.065650	-0.260533	-0.963230	98.874977	677.115540	1804.699951
 420.069702	0.252634	-0.302924	-0.918919	575.544983	-394.625031	1804.699951
 505.746826	-0.056308	-0.716667	-0.695138	-395.064880	-1225.104370	1804.699951
 642.471741	-0.041501	0.496710	-0.866924	869.265137	15.310892	1804.699951
 486.196167	-0.448016	0.445906	-0.774887	-506.148071	1204.977905	1804.699951
 344.560638	-0.428130	-0.199543	-0.881412	1394.982422	-694.262634	1804.699951
 687.976624	0.080984	0.041762	-0.995840	-1362.234009	-316.700897	1804.699951
 714.013367	0.093681	-0.151314	-0.984036	-652.460327	-596.474121	1804.699951
 435.444824	-0.251262	-0.348891	-0.902853	-640.241455	-102.643013	1804.699951
 367.799042	0.048874	-0.256156	-0.965399	1045.704834	-693.231079	1804.699951
 291.269836	0.211976	-0.140150	-0.967173	-18.770233	1421.914551	1804.699951
 246.721786	-0.038382	-0.232289	-0.971889	-228.925812	-866.041382	1804.699951
 396.377625	0.074512	-0.030212	-0.996762	76.427818	-869.319092	1804.699951
 467.360352	-0.146918	0.376139	-0.914841	743.204224	-432.612274	1804.699951
 703.442322	-0.195293	0.330481	-0.923387	-119.286255	-245.445831	1804.699951
 713.614807	-0.491687	0.082291	-0.866875	-329.593262	765.384033	1804.699951
 343.122375	-0.146086	-0.104730	-0.983713	1076.617065	276.840881	1804.699951
 319.967438	-0.087104	0.504233	-0.859164	-1019.366028	929.809631	1804.699951
 368.319977	0.076667	-0.204332	-0.975895	-138.594666	-1044.511475	1804.699951
 270.747742	0.330332	0.340436	-0.880332	-145.433914	-605.593079	1804.699951
 388.892944	0.359041	-0.347525	-0.866208	-65.286385	1472.097412	1804.699951
 760.718384	-0.041868	0.509406	-0.859507	852.808960	455.029999	1804.699951
 655.203613	-0.381613	-0.273415	-0.882958	-190.021576	981.197449	1804.699951
 598.780029	-0.246930	-0.069081	-0.966568	1061.490723	-8.674808	1804.699951
 620.572083	0.149104	0.112514	-0.982399	-1177.078247	860.207825	1804.699951
 385.520721	-0.281875	0.187491	-0.940954	412.920410	-791.723328	1804.699951
 512.776550	-0.517807	0.016929	-0.855330	-1344.221802	222.467789	1804.699951
 464.498810	-0.076408	-0.030462	-0.996611	588.814392	-1290.935547	1804.699951
 338.046570	-0.404620	0.173990	-0.897781	1286.699097	770.415039	1804.699951
 507.525391	-0.336551	-0.606385	-0.720438	-26.162096	-1447.472656	1804.699951
 422.014435	-0.464014	-0.051767	-0.884314	-1168.932251	-280.348907	1804.699951
 275.897278	0.219360	-0.046090	-0.974555	-239.806549	-970.105774	1804.699951
 510.839050	0.081324	0.589726	-0.803498	949.118469	1031.091187	1804.699951
 488.001038	-0.286757	-0.444687	-0.848542	-1041.101318	28.490843	1804.699951
 429.050720	-0.213363	0.094387	-0.972403	-606.818298	1213.276001	1804.699951
 559.467834	-0.317069	0.340075	-0.885334	-645.171631	-1362.845459	1804.699951
 564.728882	-0.267878	-0.246502	-0.931385	-355.231171	948.193054	1804.699951
 363.192871	0.129549	-0.381200	-0.915371	-850.517273	-1065.258423	1804.699951
 465.875519	-0.261852	-0.087158	-0.961164	895.472168	1174.059204	1804.699951
 616.028931	-0.076065	-0.486236	-0.870511	683.055603	658.074768	1804.699951
 614.986816	0.378161	-0.414485	-0.827766	111.017441	638.990112	1804.699951
 589.274048	0.505266	-0.244821	-0.827508	783.269409	-428.515350	1804.699951
 610.129395	0.011519	0.488602	-0.872431	421.968323	39.354095	1804.699951
 616.658203	0.105726	0.305611	-0.946268	816.472351	-301.756378	1804.699951
 270.656464	0.322347	-0.237478	-0.916350	171.036163	53.482918	1804.699951
 239.197601	0.411232	-0.157346	-0.897848	475.252258	-1338.207153	1804.699951
 526.611023	-0.020102	-0.286294	-0.957931	-719.628418	1016.455139	1804.699951
 634.323608	0.347109	-0.382106	-0.856452	221.087006	609.040405	1804.699951
 358.552032	0.121004	0.112111	-0.986301	1493.002563	218.801071	1804.699951
 247.096222	0.319980	0.203997	-0.925202	1010.572083	-875.499023	1804.699951
 425.438263	0.197561	0.286519	-0.937484	915.649353	304.682068	1804.699951
 565.181946	-0.326807	0.388909	-0.861364	-9.889046	-936.081116	1804.699951
 685.140259	-0.429971	-0.337787	-0.837272	-942.865540	230.133469	1804.699951
 396.333160	0.078510	-0.358198	-0.930339	-160.958923	-85.455269	1804.699951
 507.855804	0.014973	-0.454556	-0.890592	-901.514709	-261.194550	1804.699951
 485.144287	-0.193787	0.480580	-0.855272	121.485474	472.439789	1804.699951
 724.124023	0.393565	0.113434	-0.912272	-328.695862	-1198.277710	1804.699951
 364.854675	-0.304149	-0.142326	-0.941932	-886.156799	1030.149902	1804.699951
 334.555817	-0.189915	-0.201558	-0.960889	-308.479553	1259.856079	1804.699951
 631.578552	-0.112616	-0.347826	-0.930771	607.567932	-774.987610	1804.699951
 377.505554	-0.871391	-0.056767	-0.487294	-1388.359741	8.165977	1804.699951
 582.759888	-0.025932	0.016697	-0.999524	-529.824707	-612.334534	1804.699951
 459.786896	-0.089331	0.500706	-0.860996	204.256561	-312.585541	1804.699951
 616.246033	-0.302806	-0.243978	-0.921294	-668.430298	1056.304810	1804.699951
 284.990417	-0.210061	-0.106541	-0.971866	642.496826	-941.521118	1804.699951
 597.756958	0.370016	0.107433	-0.922792	210.428528	890.460999	1804.699951
 327.034058	0.056898	-0.049474	-0.997154	-1103.726807	-246.299194	1804.699951
 418.133636	0.133120	-0.481846	-0.866085	472.786011	930.342163	1804.699951
 538.216614	-0.043436	0.194592	-0.979922	-570.089172	898.764465	1804.699951
 701.259766	0.063577	-0.193119	-0.979114	190.890793	1275.179688	1804.699951
 512.886230	0.051585	0.275385	-0.959949	461.963684	-6.904363	1804.699951
 503.859558	-0.183633	-0.346749	-0.919807	530.101318	1442.237793	1804.699951
 563.057312	0.097070	-0.464826	-0.880065	721.867188	985.028931	1804.699951
 269.070343	0.032879	0.392396	-0.919208	489.141571	-714.993530	1804.699951
 314.775452	0.450446	-0.059080	-0.890847	472.690582	1421.883789	1804.699951
 443.445892	0.281152	0.134590	-0.950179	-886.402893	-663.693848	1804.699951
 492.165863	-0.085860	-0.315935	-0.944888	-852.165039	775.976318	1804.699951
 589.107971	0.139424	-0.366503	-0.919911	-856.336792	-141.174911	1804.699951
 320.003571	-0.279170	-0.264187	-0.923184	683.678223	405.159363	1804.699951
 508.949921	-0.520668	-0.051020	-0.852233	-1371.682373	-219.429459	1804.699951
 543.273804	-0.155845	-0.350972	-0.923326	1088.143677	-49.379845	1804.699951
 631.180603	0.473224	-0.114975	-0.873407	980.237427	107.554008	1804.699951
 587.200195	0.140864	-0.595622	-0.790817	383.895264	-1000.826538	1804.699951
 441.049774	0.456885	-0.216289	-0.862830	-1113.529785	-869.172546	1804.699951
 651.475037	0.058755	-0.226494	-0.972239	708.056763	947.876099	1804.699951
 412.559082	-0.126712	-0.518783	-0.845464	-615.240662	1176.900269	1804.699951
 268.360443	-0.026732	-0.362321	-0.931670	-786.523682	-604.103943	1804.699951
 627.011108	-0.231713	-0.490283	-0.840197	-1190.888428	-861.848816	1804.699951
 190.429810	-0.607767	0.147510	-0.780295	637.868286	1214.296387	1804.699951
 275.712769	-0.054599	-0.424802	-0.903638	-1260.958374	-717.549927	1804.699951
 463.895386	0.327587	-0.094272	-0.940106	-1184.940308	-1.182813	1804.699951
 542.439392	-0.427547	0.136925	-0.893563	318.228485	150.048080	1804.699951
 466.184570	0.378967	0.073953	-0.922451	-1110.719727	685.890564	1804.699951
 508.232178	-0.447433	-0.110045	-0.887521	-446.137360	-524.249573	1804.699951
 613.222168	-0.374854	-0.097297	-0.921964	739.110474	497.709808	1804.699951
 622.341125	0.332690	0.396023	-0.855852	894.070618	395.711731	1804.699951
 265.104431	0.084138	0.229711	-0.969615	367.732513	-1279.605957	1804.699951
 512.336487	0.339442	0.313237	-0.886940	496.698334	1243.380249	1804.699951
 729.392517	-0.415148	-0.355061	-0.837606	-656.990112	599.204651	1804.699951
 247.332199	-0.030643	0.405199	-0.913715	-1308.761597	-773.169067	1804.699951
 411.811859	0.397757	-0.082479	-0.913776	480.036499	221.829178	1804.699951
 239.563583	0.005258	-0.224121	-0.974547	410.503906	929.390076	1804.699951
 561.224182	-0.190025	-0.314733	-0.929964	1387.610352	92.321266	1804.699951
 664.309692	-0.277998	-0.384130	-0.880432	1182.877075	-177.554428	1804.699951
 541.350220	-0.278430	-0.291986	-0.914998	27.491816	280.635925	1804.699951
 229.623062	-0.226961	-0.303234	-0.925493	1171.033813	-554.125610	1804.699951
 263.142059	0.211677	0.204709	-0.955660	421.185608	602.112305	1804.699951
 518.373840	-0.246789	-0.269287	-0.930903	-555.412964	784.418762	1804.699951
 617.283203	-0.175397	-0.310897	-0.934119	-1032.044678	795.794434	1804.699951
 337.532013	0.430854	-0.350834	-0.831433	51.341251	-1016.011108	1804.699951
 301.302063	-0.365572	-0.404931	-0.838086	-778.422119	456.460175	1804.699951
 458.796448	-0.312218	0.080385	-0.946603	-532.382751	738.082153	1804.699951
 597.000122	0.371283	-0.302752	-0.877776	959.697266	1025.062866	1804.699951
 520.658813	0.194160	-0.256525	-0.946835	-193.964127	-1151.783203	1804.699951
 650.488281	-0.080423	0.084133	-0.993204	-1054.624634	523.777527	1804.699951
 475.538513	-0.214962	0.077611	-0.973534	1031.392822	-413.631195	1804.699951
 523.727905	-0.261768	0.171647	-0.949745	-267.642914	1269.141724	1804.699951
 350.048431	-0.056999	-0.000054	-0.998374	954.305847	985.586609	1804.699951
 263.856812	-0.198883	-0.481991	-0.853305	-1025.444092	-302.966919	1804.699951
 379.201202	-0.051137	0.268824	-0.961831	473.720734	-1082.289307	1804.699951
 480.886841	-0.257322	-0.461858	-0.848807	708.584534	699.031616	1804.699951
 384.900879	0.170509	0.335406	-0.926515	394.125153	-1438.906006	1804.699951
 446.970520	-0.209721	-0.072591	-0.975063	139.275864	-984.175232	1804.699951
 363.462402	0.037464	0.357734	-0.933072	-1148.704712	-249.367325	1804.699951
 216.622177	-0.249356	0.017937	-0.968246	935.413269	1108.397217	1804.699951
 596.370178	-0.039871	-0.046991	-0.998099	-477.832367	-1005.885193	1804.699951
 491.414703	-0.180860	-0.289194	-0.940030	193.360413	-1531.716309	1804.699951
 349.216003	-0.079612	-0.202547	-0.976031	-118.330063	-675.592773	1804.699951
 524.516785	-0.228434	0.456088	-0.860117	419.828033	809.057678	1804.699951
 502.360718	-0.017207	0.160850	-0.986829	45.224487	-1442.008545	1804.699951
 487.522461	0.016470	0.398014	-0.917231	-368.056763	408.913635	1804.699951
 207.791489	-0.406983	0.490000	-0.770886	394.484619	1549.267212	1804.699951
 581.105225	0.139901	-0.262790	-0.954656	-367.480896	-584.562744	1804.699951
 489.235107	0.007666	-0.042765	-0.999056	-127.394867	-298.377045	1804.699951
 383.954590	0.142238	-0.064404	-0.987735	1243.915039	657.204834	1804.699951
 476.183655	-0.456544	0.051973	-0.888182	531.921753	1428.667725	1804.699951
 599.445618	-0.267146	-0.031549	-0.963139	238.563370	-178.825806	1804.699951
 380.048248	-0.244718	-0.376028	-0.893709	-863.210754	-668.931213	1804.699951
 428.513336	-0.139020	0.021495	-0.990056	-631.218384	-155.200470	1804.699951
 537.083496	-0.248917	-0.454188	-0.855426	-383.480530	1131.684326	1804.699951
 271.785919	-0.131667	0.087737	-0.987404	-479.231140	-439.067169	1804.699951
 504.227356	0.153275	-0.151896	-0.976440	208.281219	794.477295	1804.699951
 322.826569	0.151409	0.169928	-0.973755	1114.391846	809.012390	1804.699951
 614.175598	-0.280606	-0.859462	-0.427301	-855.894165	-1037.715576	1804.699951
 437.580261	-0.363155	0.169092	-0.916257	327.061340	584.831055	1804.699951
 717.234314	-0.431169	0.199477	-0.879945	-32.958572	320.242310	1804.699951
 717.958740	-0.461016	-0.211555	-0.861806	-308.136932	-687.555115	1804.699951
 290.294922	0.151561	-0.354501	-0.922691	1041.246460	-701.452026	1804.699951
 677.689453	-0.099746	-0.439002	-0.892932	1089.443237	-697.797424	1804.699951
 698.198120	0.222596	0.354116	-0.908324	1108.377075	-297.288513	1804.699951
 326.362061	-0.013324	-0.241744	-0.970249	951.975769	-698.715942	1804.699951
 654.150085	0.025168	0.056554	-0.998082	-114.360008	-1077.719360	1804.699951
 691.634644	-0.266214	0.370940	-0.889682	-1176.652466	-206.714752	1804.699951
 589.889099	-0.181601	-0.209722	-0.960748	448.458252	253.299728	1804.699951
 544.680542	0.064981	-0.374068	-0.925122	1493.824585	7.637172	1804.699951
 394.603760	-0.324519	-0.778161	-0.537729	-697.414429	-1318.776123	1804.699951
 432.716858	0.291267	-0.046547	-0.955509	1279.087646	569.307251	1804.699951
 247.341492	0.155211	-0.183826	-0.970627	-956.024597	175.224167	1804.699951
 590.789307	-0.574640	-0.275082	-0.770791	-1489.345459	-88.517914	1804.699951
 239.963593	-0.534536	-0.228186	-0.813758	1020.127136	1042.119263	1804.699951
 313.471252	-0.335434	0.182455	-0.924226	-757.928101	-363.071869	1804.699951
 668.034424	-0.337661	-0.293235	-0.894426	760.010071	726.052917	1804.699951
 444.535522	0.529868	-0.078803	-0.844411	1112.749756	-488.628662	1804.699951
 527.395081	-0.013762	0.492043	-0.870462	251.906036	-346.846161	1804.699951
 659.071655	0.285693	0.115468	-0.951340	725.954407	1231.614014	1804.699951
 735.312805	-0.214915	0.092093	-0.972281	127.676529	-637.551025	1804.699951
 156.173477	-0.733927	0.149361	0.662603	102.599060	-1571.533447	-1804.699951
 261.914368	-0.074410	-0.440028	-0.894896	244.719681	-1192.158569	1804.699951
 330.284546	-0.419716	0.356293	-0.834802	-445.280640	1072.306030	1804.699951
 305.743011	0.049755	0.126885	-0.990669	774.265503	-1169.631592	1804.699951
 675.404724	-0.078760	-0.382642	-0.920534	582.344788	-1.349502	1804.699951
 566.213928	0.390612	-0.154453	-0.907506	-69.673370	1231.802002	1804.699951
 560.373840	0.342601	-0.027288	-0.939085	62.178165	-1104.757568	1804.699951
 675.318970	-0.163823	-0.318716	-0.933586	-942.053284	-817.394531	1804.699951
 571.632812	-0.126680	-0.283509	-0.950566	731.214417	-427.848053	1804.699951
 453.159363	0.262157	0.228580	-0.937563	-652.545532	-393.559357	1804.699951
 523.642273	-0.146948	-0.229608	-0.962126	1206.364746	750.739685	1804.699951
 482.385651	-0.436687	0.193050	-0.878656	209.634308	1197.750000	1804.699951
 578.464905	0.177096	-0.150243	-0.972658	1174.778198	-660.283813	1804.699951
 486.477142	0.479952	0.156935	-0.863144	-228.528763	139.160690	1804.699951
 300.775696	0.404942	0.294548	-0.865600	-1027.643799	-725.080750	1804.699951
 383.668976	0.066993	-0.308329	-0.948918	-1058.428711	120.455711	1804.699951
 677.937134	0.193889	0.191453	-0.962160	-1042.411865	-666.440430	1804.699951
 636.500977	-0.334436	0.236577	-0.912241	-449.760468	-23.668957	1804.699951
 508.486511	-0.170225	0.573556	-0.801284	-437.294098	1217.075439	1804.699951
 487.838257	0.336657	0.415442	-0.845027	-1128.286011	983.856506	1804.699951
 329.966705	-0.128950	0.378238	-0.916683	128.898239	1290.710205	1804.699951
 321.111298	-0.212871	0.378192	-0.900920	-1505.089478	166.886688	1804.699951
 455.693726	-0.285004	0.056493	-0.956860	-1431.778564	69.858833	1804.699951
 276.356934	0.255408	-0.124114	-0.958834	-185.402740	261.900421	1804.699951
 318.007965	-0.368847	-0.178484	-0.912193	-592.593140	574.120972	1804.699951
 296.566254	-0.238480	-0.367671	-0.898858	-643.509644	-279.951019	1804.699951
 573.032959	0.506319	-0.109193	-0.855405	-315.741486	1257.736694	1804.699951
 461.869324	0.085180	-0.050616	-0.995079	918.008362	246.849014	1804.699951
 635.138611	-0.259713	0.085811	-0.961866	148.136047	-522.042603	1804.699951
 327.449341	-0.371273	0.154597	-0.915563	1113.599365	-672.392395	1804.699951
 627.380005	0.423504	-0.085053	-0.901893	1158.088501	64.186546	1804.699951
 426.311890	0.054808	-0.221381	-0.973646	507.368286	125.473991	1804.699951
 299.554901	0.343357	0.378458	-0.859579	-228.215576	-521.309570	1804.699951
 550.179688	0.340093	0.134619	-0.930707	209.672638	932.848877	1804.699951
 344.945618	0.334055	0.015211	-0.942431	-1461.944092	-199.725983	1804.699951
 251.900070	-0.443457	0.180088	-0.878017	820.737366	-471.665039	1804.699951
 542.999756	-0.460233	0.124126	-0.879078	-526.503662	-321.712219	1804.699951
 628.794556	0.130304	-0.170488	-0.976706	-507.838409	934.197021	1804.699951
 486.642487	-0.040804	-0.130555	-0.990601	-957.232544	941.924744	1804.699951
 697.060059	-0.225583	0.475773	-0.850148	-140.919327	-654.874268	1804.699951
 283.775604	-0.151275	0.235388	-0.960056	-1112.932861	-41.398319	1804.699951
 633.173828	-0.197521	-0.507446	-0.838739	-502.887787	-593.954651	1804.699951
 527.828674	-0.527301	-0.082710	-0.845644	1330.462524	534.187988	1804.699951
 437.234802	-0.321667	-0.664483	-0.674531	-221.787842	-1302.986938	1804.699951
 563.667297	-0.131661	0.355501	-0.925356	538.623291	941.113220	1804.699951
 515.468689	0.417831	0.115996	-0.901090	-649.343323	-1396.393677	1804.699951
 634.579590	-0.330171	0.409598	-0.850421	1241.179932	217.598007	1804.699951
 721.979797	-0.311994	-0.219032	-0.924492	414.013184	511.740784	1804.699951
 416.071167	0.335075	-0.148512	-0.930413	1149.461548	678.026489	1804.699951
 434.341827	-0.397495	0.051410	-0.916163	642.037476	-987.643921	1804.699951
 281.904907	-0.122852	-0.378811	-0.917284	-139.947830	-688.587036	1804.699951
 674.411194	-0.070290	0.166154	-0.983591	-192.378922	-180.679504	1804.699951
 485.367035	0.512614	-0.159145	-0.843741	497.163757	255.304596	1804.699951
 559.474976	-0.130405	0.424564	-0.895958	-564.646301	-706.386963	1804.699951
 441.650269	-0.153158	-0.309427	-0.938508	1383.626099	-200.705948	1804.699951
 673.416443	-0.003391	0.228367	-0.973569	-1347.070190	-1.194539	1804.699951
 492.114838	0.191799	0.074476	-0.978604	780.636536	12.631783	1804.699951
 434.507904	-0.142847	0.141257	-0.979613	165.741730	630.858276	1804.699951
 274.385986	0.144462	-0.006189	-0.989491	1076.007080	434.894104	1804.699951
 668.874695	0.530809	-0.040963	-0.846501	-793.647644	889.948914	1804.699951
 296.770416	0.011012	0.317552	-0.948177	1218.324219	320.921112	1804.699951
 250.160553	-0.141926	0.384497	-0.912151	1349.858887	80.652824	1804.699951
 598.512573	-0.081484	-0.447002	-0.890814	672.504456	194.530945	1804.699951
 354.944122	-0.259443	0.375220	-0.889887	640.896118	566.193542	1804.699951
 681.056274	-0.275239	0.024075	-0.961074	169.189941	-797.402588	1804.699951
 222.465820	-0.380932	-0.044222	-0.923545	-226.309479	-1425.982422	1804.699951
 577.442383	-0.278496	0.375530	-0.883978	1009.429810	364.809143	1804.699951
 402.562012	-0.087231	0.249430	-0.964456	930.396179	518.446472	1804.699951
 568.818787	0.006503	-0.792653	-0.609638	626.092590	-1019.783752	1804.699951
 335.294312	0.336288	-0.393525	-0.855598	457.716797	376.840698	1804.699951
 582.208801	-0.199162	-0.098222	-0.975032	622.908020	-739.446533	1804.699951
 462.062897	-0.209287	0.029602	-0.977406	191.343262	-897.717957	1804.699951
 612.512573	-0.143669	-0.329435	-0.933183	-286.808746	-182.894211	1804.699951
 228.336197	-0.517695	-0.327991	-0.790199	-202.849472	-627.070618	1804.699951
 703.873535	0.022848	-0.108919	-0.993788	-19.635094	294.162750	1804.699951
 361.535370	0.226861	0.112563	-0.967400	-1289.534546	524.915527	1804.699951
 552.694397	-0.495731	-0.154063	-0.854702	-1116.797119	100.619713	1804.699951
 549.750610	-0.071846	-0.153921	-0.985468	557.424255	466.028290	1804.699951
 443.926453	-0.448727	0.741183	-0.499292	-1056.872314	938.892273	1804.699951
 435.103455	0.320994	-0.290553	-0.901411	410.207916	-409.239197	1804.699951
 615.671265	0.097562	0.515968	-0.851034	-1287.491699	-608.445068	1804.699951
 317.408997	-0.122880	-0.348924	-0.929060	-429.968933	288.074249	1804.699951
 221.266922	-0.024132	-0.611749	-0.790684	-530.039795	1414.235107	1804.699951
 697.646423	0.154973	0.100919	-0.982751	-430.443970	508.402740	1804.699951
 644.662170	-0.322387	0.033634	-0.946010	-262.448303	841.992126	1804.699951
 434.432251	-0.252889	-0.315088	-0.914750	-1213.071411	326.738434	1804.699951
 465.423157	0.303057	-0.342327	-0.889364	65.878052	-742.162903	1804.699951
 465.775146	-0.363414	-0.394590	-0.843937	1298.636719	-250.737396	1804.699951
 465.728729	-0.107946	0.222234	-0.969000	-750.279175	-474.280792	1804.699951
 561.822388	0.538312	0.071119	-0.839740	260.489655	-1000.981750	1804.699951
 666.371582	-0.063429	0.173624	-0.982767	-766.882996	30.131830	1804.699951
 539.714966	0.003004	0.387112	-0.922028	935.993591	-633.682678	1804.699951
 335.367004	0.079189	0.141097	-0.986824	-709.615479	1127.534424	1804.699951
 305.514832	-0.301183	0.202653	-0.931783	969.139404	-274.465942	1804.699951
 620.865723	-0.234669	-0.158032	-0.959144	216.350754	554.781494	1804.699951
 446.768219	-0.274025	-0.389931	-0.879127	1128.266602	-94.836266	1804.699951
 669.997192	0.340443	-0.393180	-0.854112	-695.299805	-729.125183	1804.699951
 451.577759	0.129470	0.473734	-0.871099	-455.651062	-1076.111084	1804.699951
 302.348785	-0.168485	-0.126369	-0.977570	1173.727051	892.783936	1804.699951
 319.234406	0.268680	-0.330339	-0.904813	-637.677734	-724.241577	1804.699951
 373.019440	-0.028801	-0.323212	-0.945888	-1007.891663	-742.204773	1804.699951
 497.939819	0.508489	0.597847	-0.619692	452.533112	1416.661865	1804.699951
 672.148560	-0.801882	-0.270020	-0.532986	-642.820862	-974.067200	1804.699951
 401.058655	-0.077826	-0.120929	-0.989606	-675.319885	1098.170898	1804.699951
 430.039642	-0.502833	0.016499	-0.864226	-1037.015503	-930.631104	1804.699951
 462.470032	0.339972	-0.146304	-0.928986	-1159.820068	-690.461487	1804.699951
 428.490692	0.161747	-0.459167	-0.873501	-1211.307129	-632.117798	1804.699951
 640.080200	-0.477419	-0.064444	-0.876310	-646.793030	-777.907715	1804.699951
 663.949219	-0.242933	0.172843	-0.954520	315.945129	-1128.303589	1804.699951
 240.060440	0.257703	-0.280812	-0.924518	223.592102	1497.541748	1804.699951
 658.422791	0.289744	0.143451	-0.946293	360.319855	-269.388031	1804.699951
 676.585449	-0.212215	0.614754	-0.759633	-500.494904	1124.595703	1804.699951
 303.140076	-0.356415	-0.167073	-0.919269	-337.616943	-756.664551	1804.699951
 349.944824	-0.066538	-0.171077	-0.983008	221.111633	826.635437	1804.699951
 699.946838	-0.081694	-0.219783	-0.972122	851.834290	-211.393799	1804.699951
 705.563660	0.047913	-0.286330	-0.956932	-554.809875	-588.051331	1804.699951
 343.699646	0.367174	-0.108164	-0.923842	-446.668549	-1264.195312	1804.699951
 343.282990	0.123397	-0.394873	-0.910411	564.669922	472.258911	1804.699951
 379.479584	-0.434989	0.150466	-0.887775	-762.558105	310.663879	1804.699951
 463.334564	0.466625	0.095082	-0.879330	-19.066502	-970.995300	1804.699951
 647.881775	-0.498341	0.021100	-0.866724	595.897400	1235.274292	1804.699951
 627.113892	-0.145269	-0.482529	-0.863749	-719.253418	-890.975891	1804.699951
 666.732849	-0.199748	-0.364390	-0.909572	-81.148041	780.110962	1804.699951
 699.937988	-0.008069	0.206493	-0.978415	-140.410477	-1196.472412	1804.699951
 588.643433	-0.073738	0.065574	-0.995119	591.455200	-1249.895264	1804.699951
 640.349976	-0.415372	-0.238412	-0.877853	-290.633789	-231.991135	1804.699951
 234.192841	0.490101	0.212457	-0.845378	892.660034	-795.692688	1804.699951
 716.821289	-0.030979	-0.403320	-0.914535	-495.669647	-841.750366	1804.699951
 559.934326	-0.497962	-0.040080	-0.866272	111.655388	328.638336	1804.699951
 446.599243	-0.250044	-0.064420	-0.966089	-660.627502	-488.820221	1804.699951
 605.290039	-0.407768	-0.317694	-0.856035	657.154541	-1293.687622	1804.699951
 281.316589	-0.141643	-0.418138	-0.897273	-826.656433	724.091492	1804.699951
 640.870850	-0.522875	-0.276478	-0.806326	-1339.006470	-264.647522	1804.699951
 461.538879	0.094779	-0.308772	-0.946402	-869.996155	955.238037	1804.699951
 343.695770	0.175752	0.445951	-0.877633	714.212463	-604.603394	1804.699951
 385.245819	-0.512297	-0.206162	-0.833696	-794.336548	1290.579834	1804.699951
 596.773071	-0.260795	0.186008	-0.947305	1334.535400	250.051788	1804.699951
 321.169556	0.380922	-0.154217	-0.911655	-968.217041	-182.802567	1804.699951
 469.230011	-0.370640	-0.255823	-0.892850	-589.072083	570.809326	1804.699951
 595.506836	-0.167123	0.015764	-0.985810	-514.147278	642.366638	1804.699951
 429.465393	0.174039	0.162942	-0.971164	-416.348175	-15.137478	1804.699951
 558.899231	0.020836	0.484940	-0.874299	1138.324585	-563.466736	1804.699951
 519.205566	-0.309904	-0.080262	-0.947374	-856.010742	-502.675812	1804.699951
 464.612183	-0.016284	-0.227351	-0.973677	296.254120	-86.888237	1804.699951
 269.741486	-0.198135	0.016838	-0.980030	-1153.926147	511.415192	1804.699951
 306.894257	-0.247664	0.354612	-0.901617	-291.740234	741.183472	1804.699951
 570.899475	0.020561	0.471898	-0.881414	-259.587402	-803.087097	1804.699951
 408.314270	-0.335221	-0.157749	-0.928839	-915.036072	794.984192	1804.699951
 429.087280	0.426747	0.159475	-0.890199	-800.088928	-718.064392	1804.699951
 492.727539	-0.497516	0.126954	-0.858114	663.516541	955.424561	1804.699951
 505.837677	0.234149	0.201811	-0.951024	-1483.326538	87.128471	1804.699951
 333.487793	-0.307825	0.379796	-0.872352	1273.779053	-680.726501	1804.699951
 506.608276	0.462748	0.051132	-0.885014	226.598587	-556.301941	1804.699951
 357.380676	-0.111835	-0.475824	-0.872402	-606.996338	1424.139282	1804.699951
 658.108521	-0.077352	-0.358849	-0.930185	-854.343262	-1099.685913	1804.699951
 692.120544	0.328208	-0.216217	-0.919527	-198.548035	-914.419495	1804.699951
 382.725922	-0.032950	-0.082051	-0.996083	-297.731873	-499.280884	1804.699951
 653.356018	-0.116434	0.431389	-0.894621	-1005.713196	786.199097	1804.699951
 564.625244	0.554067	0.001109	-0.832471	-607.773865	-1390.616455	1804.699951
 697.729919	0.056099	0.222984	-0.973207	1283.534058	-558.372253	1804.699951
 295.785614	0.082619	0.150465	-0.985157	930.228271	831.058472	1804.699951
 596.821655	0.184033	0.043057	-0.981976	-173.980591	170.698792	1804.699951
 349.236328	0.327465	-0.103364	-0.939193	675.667236	989.458069	1804.699951
 640.868469	-0.152703	0.154397	-0.976137	-1175.690552	-867.912476	1804.699951
 692.632996	-0.223813	-0.378194	-0.898264	-251.332092	-1021.124329	1804.699951
 224.288437	0.585793	0.124703	-0.800810	831.161560	819.565369	1804.699951
 697.717163	-0.371127	-0.066597	-0.926191	-455.156006	628.537109	1804.699951
 320.244385	0.482782	-0.297836	-0.823538	989.192810	-1125.778076	1804.699951
 572.919800	-0.247359	0.051900	-0.967533	571.537842	1327.509277	1804.699951
 696.545410	0.031404	-0.447456	-0.893754	-965.809753	947.908447	1804.699951
 685.067871	-0.229031	-0.104824	-0.967759	-1235.631958	890.446411	1804.699951
 400.591156	-0.224134	-0.189555	-0.955946	-753.060181	-575.113708	1804.699951
 502.999847	-0.138254	0.625500	-0.767877	-940.652161	855.339111	1804.699951
 310.084137	0.382992	0.032642	-0.923175	242.600113	-657.556396	1804.699951
 347.545319	0.089174	-0.079821	-0.992813	987.538269	-1056.515259	1804.699951
 227.764618	-0.545214	-0.368534	-0.752944	-1444.464233	40.843933	1804.699951
 349.621155	-0.380547	-0.196655	-0.903610	986.478333	-347.112732	1804.699951
 275.016937	-0.021827	-0.000433	-0.999762	-137.489395	321.755676	1804.699951
 520.093750	-0.338616	0.370544	-0.864891	-334.655518	1051.310791	1804.699951
 636.473816	-0.369697	0.309007	-0.876264	-474.860992	606.792297	1804.699951
 611.567688	0.060855	0.213772	-0.974986	1050.766479	-767.042908	1804.699951
 592.271118	-0.098806	-0.507426	-0.856012	-312.568024	8.264309	1804.699951
 450.623535	-0.890592	-0.220261	-0.397909	1333.687256	448.819733	1804.699951
 702.917542	0.057551	-0.340938	-0.938323	62.264233	-412.881409	1804.699951
 683.251709	-0.091314	-0.503950	-0.858892	-611.449341	-461.692688	1804.699951
 423.862518	0.113820	0.315333	-0.942131	-508.180847	1348.637207	1804.699951
 494.830933	0.320076	-0.350117	-0.880324	-1357.369141	-152.752457	1804.699951
 273.464294	-0.266947	-0.495282	-0.826701	384.196899	890.143860	1804.699951
 631.066101	0.005532	0.034744	-0.999381	-746.114990	-337.393250	1804.699951
 672.692383	0.433490	0.032120	-0.900586	-207.899918	948.032104	1804.699951
 664.942444	0.183750	0.055152	-0.981425	-1169.347656	-80.055969	1804.699951
 396.699768	-0.402689	-0.091154	-0.910787	1139.303223	-87.319405	1804.699951
 541.548218	0.227580	-0.208948	-0.951078	-683.965698	-397.136536	1804.699951
 633.236877	-0.347249	0.297778	-0.889239	334.148193	-321.624207	1804.699951
 498.109863	-0.080137	-0.336731	-0.938185	-288.524048	466.928345	1804.699951
 325.992096	0.114035	0.243539	-0.963164	241.309845	-1253.960327	1804.699951
 277.991302	-0.141283	-0.371786	-0.917504	1095.004150	766.690857	1804.699951
 600.377136	-0.246572	-0.387397	-0.888328	-722.430969	762.363770	1804.699951
 577.545654	0.216242	0.277126	-0.936184	486.580383	515.049133	1804.699951
 492.359772	0.197276	-0.213663	-0.956781	598.293945	-328.262665	1804.699951
 339.048981	-0.093402	-0.027940	-0.995236	1214.113525	-254.626587	1804.699951
 650.096008	-0.107072	0.123035	-0.986609	357.170624	668.373474	1804.699951
 365.932281	-0.042568	0.555240	-0.830600	535.298767	-783.708740	1804.699951
 373.561218	0.363737	0.019549	-0.931297	936.992371	-99.076439	1804.699951
 480.499542	-0.330327	0.088561	-0.939703	-1216.977905	-436.282440	1804.699951
 691.459045	-0.404576	0.321042	-0.856300	-214.324539	130.943359	1804.699951
 573.528381	0.379680	0.356997	-0.853461	-441.987579	430.376373	1804.699951
 551.573364	-0.169246	-0.340511	-0.924883	999.516846	117.179192	1804.699951
 260.907288	0.457966	0.064396	-0.886634	1028.867676	285.423889	1804.699951
 298.459076	0.427430	-0.119369	-0.896133	1144.108765	-415.525879	1804.699951
 370.731201	0.034266	0.046115	-0.998348	-136.473511	-689.073120	1804.699951
 573.346741	0.274093	0.246558	-0.929560	672.336304	395.311615	1804.699951
 282.238800	-0.236805	-0.271283	-0.932914	367.825714	929.338684	1804.699951
 380.113708	0.524407	0.005673	-0.851449	-15.132680	487.185791	1804.699951
 397.213440	-0.387639	-0.072967	-0.918919	-768.111206	4.454042	1804.699951
 641.937988	-0.156659	0.076613	-0.984677	746.842712	-1091.458252	1804.699951
 632.415405	-0.419557	0.353506	-0.836066	-400.017487	1226.106079	1804.699951
 406.944092	-0.204147	-0.496394	-0.843751	-1379.556030	503.217072	1804.699951
 283.359497	0.036460	0.245343	-0.968750	-665.833557	1175.879150	1804.699951
 433.027222	-0.179855	-0.173539	-0.968265	569.104309	-519.967834	1804.699951
 599.372620	-0.073353	0.298747	-0.951509	-1098.389526	-577.591431	1804.699951
 702.958679	0.057817	-0.445733	-0.893297	18.219601	385.604614	1804.699951
 394.678467	-0.171942	-0.436306	-0.883217	241.439789	1245.895264	1804.699951
 531.019165	-0.037267	-0.395471	-0.917722	1020.309631	-330.570618	1804.699951
 533.909729	-0.314010	-0.354690	-0.880677	983.828613	767.837097	1804.699951
 582.593628	-0.373391	-0.175226	-0.910975	42.639904	-1448.714355	1804.699951
 638.882385	-0.287489	-0.172542	-0.942114	785.582642	666.017334	1804.699951
 610.176086	0.244091	-0.224275	-0.943462	-1234.834351	524.221619	1804.699951
 351.676208	-0.204328	0.096373	-0.974147	33.297340	706.905762	1804.699951
 475.218231	0.010049	0.292138	-0.956323	1122.270020	-245.366211	1804.699951
 637.231812	-0.526125	0.087427	-0.845901	193.651443	-1065.836304	1804.699951
 207.197418	-0.252298	-0.318446	-0.913749	-703.517944	-1264.569580	1804.699951
 589.220520	0.159439	-0.229055	-0.960267	789.532166	-796.448120	1804.699951
 263.629852	0.241873	-0.439923	-0.864850	-981.859985	124.159744	1804.699951
 628.931519	-0.392779	0.129010	-0.910539	380.506134	1181.319336	1804.699951
 363.756958	0.128613	-0.192225	-0.972886	157.586441	1263.328857	1804.699951
 688.470825	-0.466808	0.001183	-0.884358	820.587769	643.248169	1804.699951
 608.949524	0.324148	-0.330397	-0.886435	-954.762207	-340.916107	1804.699951
 562.926941	0.082663	0.276410	-0.957478	315.766754	70.968147	1804.699951
 332.572662	-0.397923	-0.050383	-0.916034	-213.671646	1131.778442	1804.699951
 519.011719	-0.432927	-0.183957	-0.882459	-227.133667	-622.834290	1804.699951
 522.997131	0.308872	-0.065833	-0.948823	148.471237	-712.858948	1804.699951
 620.268311	0.410872	-0.101635	-0.906010	799.426025	163.032074	1804.699951
 264.547058	-0.567119	0.292579	-0.769918	-146.929855	1474.367676	1804.699951
 516.274475	0.025103	-0.118047	-0.992691	-42.952702	-1431.050415	1804.699951
 396.168427	0.236121	-0.062505	-0.969711	785.777161	-401.374268	1804.699951
 682.719238	-0.256686	0.359745	-0.897048	-46.692066	-762.008484	1804.699951
 547.019348	-0.094131	-0.487017	-0.868305	-377.476654	745.181152	1804.699951
 536.117859	-0.157410	0.111867	-0.981177	1407.021362	220.789078	1804.699951
 691.386108	0.344279	-0.220665	-0.912567	-525.605835	-236.454102	1804.699951
 496.943695	-0.061195	-0.085942	-0.994419	-587.864380	-672.626221	1804.699951
 251.300720	-0.353540	0.127141	-0.926739	-757.792542	-729.411072	1804.699951
 521.033875	-0.213808	0.037052	-0.976173	1038.179688	909.940552	1804.699951
 268.608276	-0.126155	0.411816	-0.902493	-70.967384	-211.521133	1804.699951
 250.434509	-0.546247	-0.037898	-0.836766	-167.419846	-742.858337	1804.699951
 605.736816	0.408808	0.248794	-0.878053	-1234.678101	-888.811523	1804.699951
 253.893036	0.244425	-0.159237	-0.956504	-359.158539	1361.868896	1804.699951
 357.237274	0.246204	-0.248854	-0.936726	-550.478821	1290.644409	1804.699951
 448.785461	-0.654257	-0.130725	-0.744889	-1163.991455	-626.131409	1804.699951
 255.767868	0.497404	-0.247996	-0.831317	477.255798	1149.669312	1804.699951
 526.854248	-0.053408	0.428508	-0.901958	312.171143	-3.087850	1804.699951
 592.783813	-0.300866	-0.359447	-0.883333	207.991837	916.260437	1804.699951
 601.261719	-0.294901	0.152607	-0.943263	922.245789	443.573792	1804.699951
 674.960083	-0.383454	-0.168211	-0.908112	654.360901	208.410736	1804.699951
 249.098495	-0.098604	-0.569105	-0.816332	-437.703003	-1269.014282	1804.699951
 471.035736	-0.444516	-0.072175	-0.892859	-1117.907227	-207.441681	1804.699951
 613.695679	-0.227167	0.423884	-0.876765	-403.464813	757.912659	1804.699951
 635.614746	0.160621	-0.043463	-0.986059	-852.216919	-89.389305	1804.699951
 681.792847	0.358205	-0.265426	-0.895119	77.128296	611.171631	1804.699951
 609.858337	-0.025534	-0.332874	-0.942626	428.276642	-269.360229	1804.699951
 288.015442	0.058243	-0.326599	-0.943367	-92.577011	721.646362	1804.699951
 368.746216	-0.064303	0.513554	-0.855645	1032.378662	-602.115540	1804.699951
 677.120056	-0.012638	0.016943	-0.999777	326.911316	1203.115967	1804.699951
 341.393616	-0.236421	-0.363827	-0.900963	-233.702377	-320.842163	1804.699951
 671.249451	0.310133	-0.035025	-0.950048	1046.396118	-921.279785	1804.699951
 625.987427	0.069834	0.050857	-0.996261	45.911736	1183.761475	1804.699951
 628.909241	0.345655	0.316862	-0.883245	-780.639526	-12.062181	1804.699951
 642.132019	0.079496	-0.341629	-0.936467	412.388092	1253.748047	1804.699951
 217.758911	-0.261766	-0.360949	-0.895095	-89.626823	1.765282	1804.699951
 217.203766	0.244238	-0.010369	-0.969660	-742.182312	-1058.504883	1804.699951
 662.339478	-0.369663	-0.376291	-0.849561	-911.329346	426.695923	1804.699951
 707.138062	0.111217	-0.178458	-0.977642	-42.498329	694.539551	1804.699951
 754.133301	-0.130403	-0.434497	-0.891183	388.553497	63.563496	1804.699951
 553.908752	0.143930	-0.316951	-0.937457	-1142.764404	-519.912537	1804.699951
 510.761841	-0.398580	-0.237713	-0.885791	-774.706543	70.915833	1804.699951
 422.555054	0.510754	0.062044	-0.857485	88.369209	-1252.986206	1804.699951
 532.536377	0.048762	-0.068255	-0.996476	-1084.022339	227.509628	1804.699951
 660.861267	-0.387734	-0.439808	-0.810081	-1410.214233	-224.005814	1804.699951
 414.892151	-0.022056	-0.477773	-0.878207	676.253601	1365.061401	1804.699951
 643.088013	0.127509	-0.021077	-0.991614	617.943054	-618.784363	1804.699951
 285.337463	0.101400	-0.193962	-0.975754	-205.568268	-874.795776	1804.699951
 330.862213	-0.120803	-0.056740	-0.991054	445.732788	855.288635	1804.699951
 334.200531	0.170214	-0.073519	-0.982661	-710.131042	-770.381897	1804.699951
 547.296143	-0.411579	-0.290252	-0.863920	694.721802	-1102.925781	1804.699951
 645.597473	-0.156341	-0.466222	-0.870744	776.060181	-1033.146851	1804.699951
 525.093323	-0.420366	0.486669	-0.765797	-1116.757324	502.368134	1804.699951
 603.060486	0.125220	-0.052290	-0.990750	-1342.226807	-643.303528	1804.699951
 650.646606	0.238165	-0.488753	-0.839284	-602.231689	-638.803162	1804.699951
 631.351685	-0.364620	-0.219938	-0.904809	590.232483	908.975647	1804.699951
 415.962952	-0.476853	-0.039672	-0.878088	502.992889	-738.741394	1804.699951
 680.357361	-0.337196	-0.321765	-0.884740	774.723938	-822.891357	1804.699951
 683.066895	-0.145096	-0.027473	-0.989036	-893.626343	-879.828247	1804.699951
 647.463318	-0.167061	-0.102715	-0.980582	572.369629	-962.867432	1804.699951
 307.888519	0.012886	-0.255540	-0.966713	877.025574	683.953857	1804.699951
 564.425659	-0.371337	-0.158127	-0.914934	-1100.654663	-648.256531	1804.699951
 285.015106	0.481360	0.177920	-0.858275	-1371.172729	201.230301	1804.699951
 591.126099	-0.058817	0.201512	-0.977719	-211.794861	-421.256470	1804.699951
 507.098267	0.459180	-0.460207	-0.759844	739.079407	-1295.087646	1804.699951
 451.326111	0.231139	0.160820	-0.959537	62.939327	-1074.810669	1804.699951
 639.549805	0.187685	-0.010562	-0.982172	-1045.330811	-256.747894	1804.699951
 382.868744	-0.346315	-0.347277	-0.871473	-928.044434	-138.953888	1804.699951
 220.130493	0.148441	-0.350711	-0.924644	658.175354	-466.966095	1804.699951
 477.937469	-0.295005	-0.160284	-0.941956	-478.778564	-1140.251343	1804.699951
 394.364197	0.141583	0.024079	-0.989634	-667.103943	933.062744	1804.699951
 347.153687	0.174911	-0.352945	-0.919150	-1275.074219	-468.774811	1804.699951
 414.792023	-0.548225	0.485503	-0.680982	-1392.366577	316.087952	1804.699951
 517.854858	-0.438636	-0.240653	-0.865843	254.627609	889.734436	1804.699951
 531.775391	-0.241958	-0.262042	-0.934232	423.659393	-13.030811	1804.699951
 633.345032	0.056887	0.413456	-0.908745	576.034607	-143.790024	1804.699951
 536.072327	-0.508165	0.190437	-0.839942	-1016.808167	923.523682	1804.699951
 633.926086	0.277581	-0.143285	-0.949957	-496.013214	-220.157242	1804.699951
 348.984741	0.023155	0.156200	-0.987454	758.991516	-493.227386	1804.699951
 562.252808	0.305620	0.101679	-0.946709	758.289368	455.365265	1804.699951
 357.031158	-0.308990	0.437451	-0.844489	602.932190	-1317.779785	1804.699951
 497.283813	-0.251721	0.163392	-0.953908	-672.424500	177.738678	1804.699951
 539.374695	-0.147479	0.176824	-0.973131	821.840027	-99.375671	1804.699951
 417.459747	-0.443506	-0.237798	-0.864150	-1149.210815	833.203918	1804.699951
 682.424683	-0.325909	-0.174052	-0.929241	-536.831848	-592.480713	1804.699951
 527.778564	0.111250	0.243737	-0.963439	406.702209	-764.727905	1804.699951
 603.816895	-0.487645	-0.629309	-0.605121	-745.063232	-1190.416626	1804.699951
 567.154968	0.196406	-0.043047	-0.979577	276.517914	-1135.933838	1804.699951
 722.744995	-0.346562	0.311742	-0.884710	-399.734131	-197.895844	1804.699951
 319.693878	-0.201082	-0.066417	-0.977320	886.457886	160.019089	1804.699951
 317.107727	-0.004805	-0.365099	-0.930956	1296.833984	-561.548462	1804.699951
 295.288239	-0.263928	0.003707	-0.964535	-1353.867676	-39.664585	1804.699951
 590.194763	-0.421920	-0.318239	-0.848945	374.225403	-565.810608	1804.699951
 650.873413	0.397679	-0.153727	-0.904555	-772.531433	329.124237	1804.699951
 627.197021	-0.006157	0.557590	-0.830094	253.148956	-1421.383423	1804.699951
 681.724976	-0.049739	-0.525602	-0.849275	-371.296539	128.551697	1804.699951
 602.902588	0.361019	0.319611	-0.876079	384.444336	532.570374	1804.699951
 618.365356	0.004464	0.228496	-0.973535	-330.362976	1084.829956	1804.699951
 577.342163	-0.354385	-0.455366	-0.816733	-380.265472	-1360.820679	1804.699951
 505.507446	-0.144981	-0.132879	-0.980471	-727.707458	5.257375	1804.699951
 495.172150	0.019312	-0.522040	-0.852702	246.570084	373.078888	1804.699951
 468.178040	-0.136063	-0.047268	-0.989572	859.271179	-1063.438232	1804.699951
 334.160187	-0.325746	0.163499	-0.931213	-850.484375	452.869781	1804.699951
 401.413208	0.054184	0.322257	-0.945100	451.412933	-279.135040	1804.699951
 603.258545	-0.525752	-0.170842	-0.833306	398.469360	-1272.868896	1804.699951
 279.240234	-0.031615	-0.612370	-0.789939	978.673157	335.205109	1804.699951
 351.500244	0.437435	-0.256337	-0.861941	-73.602448	744.886353	1804.699951
 646.006165	0.316283	0.166675	-0.933908	-1266.681885	-559.875977	1804.699951
 672.976196	-0.001418	0.028793	-0.999584	216.485001	-399.502838	1804.699951
 545.292114	-0.160907	0.220643	-0.961990	-570.115540	-758.410645	1804.699951
 690.885010	-0.238994	0.211585	-0.947689	-806.839844	-287.742676	1804.699951
 277.510193	0.035727	0.366720	-0.929645	-1221.317627	-186.518890	1804.699951
 487.609039	-0.408224	0.086484	-0.908776	712.478882	874.283630	1804.699951
 253.236008	-0.010486	-0.462801	-0.886400	-644.282837	158.083710	1804.699951
 385.466766	0.184255	-0.154011	-0.970737	-1300.604980	628.899048	1804.699951
 387.215973	-0.603546	-0.134069	-0.785976	-1152.370239	-646.015747	1804.699951
 512.372986	-0.282404	0.048680	-0.958060	-91.905212	-404.351044	1804.699951
 510.338318	0.136293	0.501045	-0.854622	155.644028	865.888428	1804.699951
 643.922302	-0.403541	-0.088403	-0.910681	683.025635	1182.892944	1804.699951
 564.541321	-0.352824	-0.047601	-0.934478	-170.549164	-257.183716	1804.699951
 534.853638	0.056762	0.047729	-0.997246	684.634277	-1092.981323	1804.699951
 398.435333	-0.496828	0.362789	-0.788382	-436.026611	1332.706421	1804.699951
 580.742676	0.028039	0.403708	-0.914458	-49.966103	-989.492859	1804.699951
 221.073883	0.244446	-0.113633	-0.962982	1309.315308	141.166702	1804.699951
 477.835236	-0.432055	0.176075	-0.884492	-801.029846	-117.811844	1804.699951
 417.348114	0.152454	-0.071825	-0.985697	329.880585	-1423.595215	1804.699951
 232.995300	0.020573	0.388335	-0.921289	402.758423	1371.235352	1804.699951
 680.923035	-0.072540	0.300042	-0.951164	1028.161255	52.108456	1804.699951
 361.055054	-0.030017	-0.025199	-0.999232	934.025879	830.054077	1804.699951
 612.878967	0.298664	0.173803	-0.938399	-995.003784	1046.724121	1804.699951
 332.317993	0.307554	-0.079698	-0.948187	413.801788	1240.549438	1804.699951
 621.262634	0.019587	-0.016986	-0.999664	215.913651	390.660309	1804.699951
 225.124374	-0.058462	0.018367	-0.998121	-613.153992	495.815125	1804.699829
 595.671570	0.339252	-0.205193	-0.918043	950.212219	-928.588135	1804.699951
 601.743896	0.096705	-0.398557	-0.912031	932.413330	-1033.319946	1804.699951
 433.235535	-0.131961	0.204641	-0.969901	32.190968	-464.925659	1804.699951
 238.852509	0.073068	-0.513713	-0.854845	1036.432129	394.866364	1804.699951
 382.076202	-0.026049	-0.349221	-0.936678	-1165.730591	831.013367	1804.699951
 261.915771	0.043443	0.337445	-0.940342	1047.639771	539.062378	1804.699951
 342.824158	0.153468	0.246320	-0.956961	-1532.313477	51.428429	1804.699951
 523.725525	0.057146	-0.055355	-0.996830	243.031479	788.366882	1804.699951
 684.926025	-0.131465	-0.276138	-0.952084	1479.481812	-389.529419	1804.699951
 498.188538	-0.075994	-0.538480	-0.839205	-573.383301	-1361.488525	1804.699951
 630.186768	0.025748	0.376508	-0.926055	1233.589355	-76.016441	1804.699951
 715.495117	-0.475730	-0.171262	-0.862757	-337.570923	-288.627991	1804.699951
 622.409607	-0.098744	0.133302	-0.986144	1235.235107	74.114693	1804.699951
 657.810120	-0.231250	-0.208035	-0.950392	281.136292	790.328308	1804.699951
 705.072510	0.166121	0.200974	-0.965408	-256.676422	-1231.007812	1804.699951
 371.838257	-0.057751	0.513517	-0.856134	1359.248535	124.221893	1804.699951
 490.563171	0.254293	-0.284698	-0.924274	-476.597382	1284.412109	1804.699951
 395.681641	0.132930	-0.203056	-0.970102	1169.451172	-215.439880	1804.699951
 573.469116	-0.065155	-0.013799	-0.997780	457.224030	-1408.895752	1804.699951
 250.303253	-0.689872	-0.224835	-0.688132	-107.133949	530.473633	1804.699951
 587.629883	0.066032	-0.461406	-0.884728	1339.230835	-426.354034	1804.699951
 557.906555	-0.359707	-0.391462	-0.846976	-1473.093262	-93.965248	1804.699951
 651.260742	-0.179940	0.440467	-0.879551	-500.037628	766.134644	1804.699951
